/*
Database Seed Script for 'appts'
for authorization test data only - do not push to non-test env

SOURCE LOCATION: 10-Notes/db-up/db-c-seed-Authz-Test-A.sql
Version: 0.0.2.0

Generated by sak on 2019-05-05 10:46:43
*/


INSERT INTO `staffs` (`id`, `fn`, `ln`, `mi`, `pn`, `title`, `addone`, `addtwo`, `city`, `state`, `zip`, `ext`, `mphone`, `email`, `ssn`, `created_by`, `created_at`, `updated_by`, `updated_at`, `ststatus`, `staffnum`, `ophone`, `password_digest`, `is_user`, `is_prov`, `is_rm`, `is_hyg`) VALUES (28,'aFirst','January','A','fj',1,'U-29 El Camino Real','U-34 El Camino Real','Santa Clara','CA','95050','95028','(987) 456 - 8028','fj.a@@redsystems.com.test','728-7e-7f2d',0,'2030-04-19 06:50:00',0,'2030-04-19 06:50:00',1,'FJ-A-28-1904-CA','(987) 456 – 8000','$2a$10$WGO8kZAEKoZZMjdKSgPKjeTftNGPyoMUOLhH6KCdJx/aSZwc6kGX.',1,1,1,1);
INSERT INTO `staffs` (`id`, `fn`, `ln`, `mi`, `pn`, `title`, `addone`, `addtwo`, `city`, `state`, `zip`, `ext`, `mphone`, `email`, `ssn`, `created_by`, `created_at`, `updated_by`, `updated_at`, `ststatus`, `staffnum`, `ophone`, `password_digest`, `is_user`, `is_prov`, `is_rm`, `is_hyg`) VALUES (29,'bSecond','February','B','sf',2,'U-29 El Camino Real','U-34 El Camino Real','Santa Clara','CA','95050','95029','(987) 456 - 9029','sf.b@@redsystems.com.test','429-32-6e23',0,'2030-04-19 06:50:00',0,'2030-04-19 06:50:00',1,'SF-B-29-1904-CA','(987) 456 – 8000','$2a$10$WGO8kZAEKoZZMjdKSgPKjeTftNGPyoMUOLhH6KCdJx/aSZwc6kGX.',1,1,1,1);
INSERT INTO `staffs` (`id`, `fn`, `ln`, `mi`, `pn`, `title`, `addone`, `addtwo`, `city`, `state`, `zip`, `ext`, `mphone`, `email`, `ssn`, `created_by`, `created_at`, `updated_by`, `updated_at`, `ststatus`, `staffnum`, `ophone`, `password_digest`, `is_user`, `is_prov`, `is_rm`, `is_hyg`) VALUES (30,'cThird','March','C','tm',2,'U-29 El Camino Real','U-34 El Camino Real','Santa Clara','CA','95050','95030','(987) 456 - 0030','tm.c@@redsystems.com.test','630-0f-949a',0,'2030-04-19 06:50:00',0,'2030-04-19 06:50:00',1,'TM-C-30-1904-CA','(987) 456 – 8000','$2a$10$WGO8kZAEKoZZMjdKSgPKjeTftNGPyoMUOLhH6KCdJx/aSZwc6kGX.',1,1,1,1);
INSERT INTO `staffs` (`id`, `fn`, `ln`, `mi`, `pn`, `title`, `addone`, `addtwo`, `city`, `state`, `zip`, `ext`, `mphone`, `email`, `ssn`, `created_by`, `created_at`, `updated_by`, `updated_at`, `ststatus`, `staffnum`, `ophone`, `password_digest`, `is_user`, `is_prov`, `is_rm`, `is_hyg`) VALUES (31,'dFouth','April','D','fa',2,'U-29 El Camino Real','U-34 El Camino Real','Santa Clara','CA','95050','95031','(987) 456 - 1031','fa.d@@redsystems.com.test','631-1c-4296',0,'2030-04-19 06:50:00',0,'2030-04-19 06:50:00',1,'FA-D-31-1904-CA','(987) 456 – 8000','$2a$10$WGO8kZAEKoZZMjdKSgPKjeTftNGPyoMUOLhH6KCdJx/aSZwc6kGX.',1,1,1,1);
INSERT INTO `staffs` (`id`, `fn`, `ln`, `mi`, `pn`, `title`, `addone`, `addtwo`, `city`, `state`, `zip`, `ext`, `mphone`, `email`, `ssn`, `created_by`, `created_at`, `updated_by`, `updated_at`, `ststatus`, `staffnum`, `ophone`, `password_digest`, `is_user`, `is_prov`, `is_rm`, `is_hyg`) VALUES (32,'eFifth','May','E','fm',2,'U-29 El Camino Real','U-34 El Camino Real','Santa Clara','CA','95050','95032','(987) 456 - 2032','fm.e@@redsystems.com.test','532-25-4784',0,'2030-04-19 06:50:00',0,'2030-04-19 06:50:00',1,'FM-E-32-1904-CA','(987) 456 – 8000','$2a$10$WGO8kZAEKoZZMjdKSgPKjeTftNGPyoMUOLhH6KCdJx/aSZwc6kGX.',1,1,1,1);
INSERT INTO `staffs` (`id`, `fn`, `ln`, `mi`, `pn`, `title`, `addone`, `addtwo`, `city`, `state`, `zip`, `ext`, `mphone`, `email`, `ssn`, `created_by`, `created_at`, `updated_by`, `updated_at`, `ststatus`, `staffnum`, `ophone`, `password_digest`, `is_user`, `is_prov`, `is_rm`, `is_hyg`) VALUES (33,'fsixth','June','F','sj',2,'U-29 El Camino Real','U-34 El Camino Real','Santa Clara','CA','95050','95033','(987) 456 - 3033','sj.f@@redsystems.com.test','633-44-8fff',0,'2030-04-19 06:50:00',0,'2030-04-19 06:50:00',1,'SJ-F-33-1904-CA','(987) 456 – 8000','$2a$10$WGO8kZAEKoZZMjdKSgPKjeTftNGPyoMUOLhH6KCdJx/aSZwc6kGX.',1,1,1,1);
INSERT INTO `staffs` (`id`, `fn`, `ln`, `mi`, `pn`, `title`, `addone`, `addtwo`, `city`, `state`, `zip`, `ext`, `mphone`, `email`, `ssn`, `created_by`, `created_at`, `updated_by`, `updated_at`, `ststatus`, `staffnum`, `ophone`, `password_digest`, `is_user`, `is_prov`, `is_rm`, `is_hyg`) VALUES (34,'gSeventh','July','G','sj',2,'U-29 El Camino Real','U-34 El Camino Real','Santa Clara','CA','95050','95034','(987) 456 - 4034','sj.g@@redsystems.com.test','634-9a-cb35',0,'2030-04-19 06:50:00',0,'2030-04-19 06:50:00',1,'SJ-G-34-1904-CA','(987) 456 – 8000','$2a$10$WGO8kZAEKoZZMjdKSgPKjeTftNGPyoMUOLhH6KCdJx/aSZwc6kGX.',1,1,1,1);
INSERT INTO `staffs` (`id`, `fn`, `ln`, `mi`, `pn`, `title`, `addone`, `addtwo`, `city`, `state`, `zip`, `ext`, `mphone`, `email`, `ssn`, `created_by`, `created_at`, `updated_by`, `updated_at`, `ststatus`, `staffnum`, `ophone`, `password_digest`, `is_user`, `is_prov`, `is_rm`, `is_hyg`) VALUES (35,'hEight','August','H','ea',2,'U-29 El Camino Real','U-34 El Camino Real','Santa Clara','CA','95050','95035','(987) 456 - 5035','ea.h@@redsystems.com.test','735-29-4e9f',0,'2030-04-19 06:50:00',0,'2030-04-19 06:50:00',1,'EA-H-35-1904-CA','(987) 456 – 8000','$2a$10$WGO8kZAEKoZZMjdKSgPKjeTftNGPyoMUOLhH6KCdJx/aSZwc6kGX.',1,1,1,1);
INSERT INTO `staffs` (`id`, `fn`, `ln`, `mi`, `pn`, `title`, `addone`, `addtwo`, `city`, `state`, `zip`, `ext`, `mphone`, `email`, `ssn`, `created_by`, `created_at`, `updated_by`, `updated_at`, `ststatus`, `staffnum`, `ophone`, `password_digest`, `is_user`, `is_prov`, `is_rm`, `is_hyg`) VALUES (36,'iNine','September','I','ns',2,'U-29 El Camino Real','U-34 El Camino Real','Santa Clara','CA','95050','95036','(987) 456 - 6036','ns.i@@redsystems.com.test','936-08-28d4',0,'2030-04-19 06:50:00',0,'2030-04-19 06:50:00',1,'NS-I-36-1904-CA','(987) 456 – 8000','$2a$10$WGO8kZAEKoZZMjdKSgPKjeTftNGPyoMUOLhH6KCdJx/aSZwc6kGX.',1,1,1,1);
INSERT INTO `staffs` (`id`, `fn`, `ln`, `mi`, `pn`, `title`, `addone`, `addtwo`, `city`, `state`, `zip`, `ext`, `mphone`, `email`, `ssn`, `created_by`, `created_at`, `updated_by`, `updated_at`, `ststatus`, `staffnum`, `ophone`, `password_digest`, `is_user`, `is_prov`, `is_rm`, `is_hyg`) VALUES (45,'jTen','October','J','to',2,'U-29 El Camino Real','U-34 El Camino Real','Santa Clara','CA','95050','95045','(987) 456 - 5045','to.j@@redsystems.com.test','945-7c-6130',0,'2030-04-19 06:50:00',0,'2030-04-19 06:50:00',1,'TO-J-45-1904-CA','(987) 456 – 8000','$2a$10$WGO8kZAEKoZZMjdKSgPKjeTftNGPyoMUOLhH6KCdJx/aSZwc6kGX.',1,1,1,1);

INSERT INTO `user_role_map` (`staff_id`, `role_id`, `is_primary`, `status`, `add_by`, `add_on`, `edit_by`, `edit_on`) VALUES (28,1,0,1,0,'2019-04-29 19:50:07',0,'2019-04-29 19:50:07');
INSERT INTO `user_role_map` (`staff_id`, `role_id`, `is_primary`, `status`, `add_by`, `add_on`, `edit_by`, `edit_on`) VALUES (29,2,0,1,0,'2030-04-18 19:50:00',0,'2030-04-18 19:50:00');
INSERT INTO `user_role_map` (`staff_id`, `role_id`, `is_primary`, `status`, `add_by`, `add_on`, `edit_by`, `edit_on`) VALUES (30,3,0,1,0,'2030-04-18 19:50:00',0,'2030-04-18 19:50:00');
INSERT INTO `user_role_map` (`staff_id`, `role_id`, `is_primary`, `status`, `add_by`, `add_on`, `edit_by`, `edit_on`) VALUES (31,4,0,1,0,'2030-04-18 19:50:00',0,'2030-04-18 19:50:00');
INSERT INTO `user_role_map` (`staff_id`, `role_id`, `is_primary`, `status`, `add_by`, `add_on`, `edit_by`, `edit_on`) VALUES (32,5,0,1,0,'2030-04-18 19:50:00',0,'2030-04-18 19:50:00');
INSERT INTO `user_role_map` (`staff_id`, `role_id`, `is_primary`, `status`, `add_by`, `add_on`, `edit_by`, `edit_on`) VALUES (33,6,0,1,0,'2030-04-18 19:50:00',0,'2030-04-18 19:50:00');
INSERT INTO `user_role_map` (`staff_id`, `role_id`, `is_primary`, `status`, `add_by`, `add_on`, `edit_by`, `edit_on`) VALUES (34,7,0,1,0,'2030-04-18 19:50:00',0,'2030-04-18 19:50:00');
INSERT INTO `user_role_map` (`staff_id`, `role_id`, `is_primary`, `status`, `add_by`, `add_on`, `edit_by`, `edit_on`) VALUES (35,1,0,1,0,'2030-04-18 19:50:00',0,'2030-04-18 19:50:00');
INSERT INTO `user_role_map` (`staff_id`, `role_id`, `is_primary`, `status`, `add_by`, `add_on`, `edit_by`, `edit_on`) VALUES (36,4,0,1,0,'2030-04-18 19:50:00',0,'2030-04-18 19:50:00');

INSERT INTO `user_auth_map` (`staff_id`, `action_id`, `feature_id`, `action_name`, `status`, `add_by`, `add_on`, `edit_by`, `edit_on`) VALUES (28,1,1,'f_admin-a_index-ge',1,0,'2030-04-19 06:50:00',0,'2030-04-19 06:50:00');
INSERT INTO `user_auth_map` (`staff_id`, `action_id`, `feature_id`, `action_name`, `status`, `add_by`, `add_on`, `edit_by`, `edit_on`) VALUES (28,2,2,'f_application-a_alogs-ge',1,0,'2030-04-19 06:50:00',0,'2030-04-19 06:50:00');
INSERT INTO `user_auth_map` (`staff_id`, `action_id`, `feature_id`, `action_name`, `status`, `add_by`, `add_on`, `edit_by`, `edit_on`) VALUES (28,3,3,'f_appointment-a_addtprocs-ge',1,0,'2030-04-19 06:50:00',0,'2030-04-19 06:50:00');
INSERT INTO `user_auth_map` (`staff_id`, `action_id`, `feature_id`, `action_name`, `status`, `add_by`, `add_on`, `edit_by`, `edit_on`) VALUES (28,4,3,'f_appointment-a_create-ge',1,0,'2030-04-19 06:50:00',0,'2030-04-19 06:50:00');
INSERT INTO `user_auth_map` (`staff_id`, `action_id`, `feature_id`, `action_name`, `status`, `add_by`, `add_on`, `edit_by`, `edit_on`) VALUES (28,5,3,'f_appointment-a_edit-ge',1,0,'2030-04-19 06:50:00',0,'2030-04-19 06:50:00');
INSERT INTO `user_auth_map` (`staff_id`, `action_id`, `feature_id`, `action_name`, `status`, `add_by`, `add_on`, `edit_by`, `edit_on`) VALUES (28,6,3,'f_appointment-a_getappts-po',1,0,'2030-04-19 06:50:00',0,'2030-04-19 06:50:00');
INSERT INTO `user_auth_map` (`staff_id`, `action_id`, `feature_id`, `action_name`, `status`, `add_by`, `add_on`, `edit_by`, `edit_on`) VALUES (28,7,3,'f_appointment-a_getopts-po',1,0,'2030-04-19 06:50:00',0,'2030-04-19 06:50:00');
INSERT INTO `user_auth_map` (`staff_id`, `action_id`, `feature_id`, `action_name`, `status`, `add_by`, `add_on`, `edit_by`, `edit_on`) VALUES (28,8,3,'f_appointment-a_getpatschedappts-ge',1,0,'2030-04-19 06:50:00',0,'2030-04-19 06:50:00');
INSERT INTO `user_auth_map` (`staff_id`, `action_id`, `feature_id`, `action_name`, `status`, `add_by`, `add_on`, `edit_by`, `edit_on`) VALUES (28,9,3,'f_appointment-a_index-ge',1,0,'2030-04-19 06:50:00',0,'2030-04-19 06:50:00');
INSERT INTO `user_auth_map` (`staff_id`, `action_id`, `feature_id`, `action_name`, `status`, `add_by`, `add_on`, `edit_by`, `edit_on`) VALUES (28,10,3,'f_appointment-a_remtprocs-ge',1,0,'2030-04-19 06:50:00',0,'2030-04-19 06:50:00');
INSERT INTO `user_auth_map` (`staff_id`, `action_id`, `feature_id`, `action_name`, `status`, `add_by`, `add_on`, `edit_by`, `edit_on`) VALUES (28,11,3,'f_appointment-a_routeslip-ge',1,0,'2030-04-19 06:50:00',0,'2030-04-19 06:50:00');
INSERT INTO `user_auth_map` (`staff_id`, `action_id`, `feature_id`, `action_name`, `status`, `add_by`, `add_on`, `edit_by`, `edit_on`) VALUES (28,12,3,'f_appointment-a_rtslps-po',1,0,'2030-04-19 06:50:00',0,'2030-04-19 06:50:00');
INSERT INTO `user_auth_map` (`staff_id`, `action_id`, `feature_id`, `action_name`, `status`, `add_by`, `add_on`, `edit_by`, `edit_on`) VALUES (28,13,3,'f_appointment-a_setconfirmst-ge',1,0,'2030-04-19 06:50:00',0,'2030-04-19 06:50:00');
INSERT INTO `user_auth_map` (`staff_id`, `action_id`, `feature_id`, `action_name`, `status`, `add_by`, `add_on`, `edit_by`, `edit_on`) VALUES (28,14,3,'f_appointment-a_update-po',1,0,'2030-04-19 06:50:00',0,'2030-04-19 06:50:00');
INSERT INTO `user_auth_map` (`staff_id`, `action_id`, `feature_id`, `action_name`, `status`, `add_by`, `add_on`, `edit_by`, `edit_on`) VALUES (28,15,3,'f_appointment-a_updtmln-ge',1,0,'2030-04-19 06:50:00',0,'2030-04-19 06:50:00');
INSERT INTO `user_auth_map` (`staff_id`, `action_id`, `feature_id`, `action_name`, `status`, `add_by`, `add_on`, `edit_by`, `edit_on`) VALUES (28,16,4,'f_calendar-a_index-ge',1,0,'2030-04-19 06:50:00',0,'2030-04-19 06:50:00');
INSERT INTO `user_auth_map` (`staff_id`, `action_id`, `feature_id`, `action_name`, `status`, `add_by`, `add_on`, `edit_by`, `edit_on`) VALUES (28,17,4,'f_calendar-a_schapt-po',1,0,'2030-04-19 06:50:00',0,'2030-04-19 06:50:00');
INSERT INTO `user_auth_map` (`staff_id`, `action_id`, `feature_id`, `action_name`, `status`, `add_by`, `add_on`, `edit_by`, `edit_on`) VALUES (28,18,4,'f_calendar-a_utb-po',1,0,'2030-04-19 06:50:00',0,'2030-04-19 06:50:00');
INSERT INTO `user_auth_map` (`staff_id`, `action_id`, `feature_id`, `action_name`, `status`, `add_by`, `add_on`, `edit_by`, `edit_on`) VALUES (28,19,5,'f_carrier-a_create-po',1,0,'2030-04-19 06:50:00',0,'2030-04-19 06:50:00');
INSERT INTO `user_auth_map` (`staff_id`, `action_id`, `feature_id`, `action_name`, `status`, `add_by`, `add_on`, `edit_by`, `edit_on`) VALUES (28,20,5,'f_carrier-a_edit-ge',1,0,'2030-04-19 06:50:00',0,'2030-04-19 06:50:00');
INSERT INTO `user_auth_map` (`staff_id`, `action_id`, `feature_id`, `action_name`, `status`, `add_by`, `add_on`, `edit_by`, `edit_on`) VALUES (28,21,5,'f_carrier-a_index-ge',1,0,'2030-04-19 06:50:00',0,'2030-04-19 06:50:00');
INSERT INTO `user_auth_map` (`staff_id`, `action_id`, `feature_id`, `action_name`, `status`, `add_by`, `add_on`, `edit_by`, `edit_on`) VALUES (28,22,5,'f_carrier-a_new-ge',1,0,'2030-04-19 06:50:00',0,'2030-04-19 06:50:00');
INSERT INTO `user_auth_map` (`staff_id`, `action_id`, `feature_id`, `action_name`, `status`, `add_by`, `add_on`, `edit_by`, `edit_on`) VALUES (28,23,5,'f_carrier-a_update-po',1,0,'2030-04-19 06:50:00',0,'2030-04-19 06:50:00');
INSERT INTO `user_auth_map` (`staff_id`, `action_id`, `feature_id`, `action_name`, `status`, `add_by`, `add_on`, `edit_by`, `edit_on`) VALUES (28,24,6,'f_ccare-a_create-po',1,0,'2030-04-19 06:50:00',0,'2030-04-19 06:50:00');
INSERT INTO `user_auth_map` (`staff_id`, `action_id`, `feature_id`, `action_name`, `status`, `add_by`, `add_on`, `edit_by`, `edit_on`) VALUES (28,25,6,'f_ccare-a_edit-ge',1,0,'2030-04-19 06:50:00',0,'2030-04-19 06:50:00');
INSERT INTO `user_auth_map` (`staff_id`, `action_id`, `feature_id`, `action_name`, `status`, `add_by`, `add_on`, `edit_by`, `edit_on`) VALUES (28,26,6,'f_ccare-a_index-ge',1,0,'2030-04-19 06:50:00',0,'2030-04-19 06:50:00');
INSERT INTO `user_auth_map` (`staff_id`, `action_id`, `feature_id`, `action_name`, `status`, `add_by`, `add_on`, `edit_by`, `edit_on`) VALUES (28,27,6,'f_ccare-a_new-ge',1,0,'2030-04-19 06:50:00',0,'2030-04-19 06:50:00');
INSERT INTO `user_auth_map` (`staff_id`, `action_id`, `feature_id`, `action_name`, `status`, `add_by`, `add_on`, `edit_by`, `edit_on`) VALUES (28,28,6,'f_ccare-a_patccare-ge',1,0,'2030-04-19 06:50:00',0,'2030-04-19 06:50:00');
INSERT INTO `user_auth_map` (`staff_id`, `action_id`, `feature_id`, `action_name`, `status`, `add_by`, `add_on`, `edit_by`, `edit_on`) VALUES (28,29,7,'f_ccaredef-a_edit-ge',1,0,'2030-04-19 06:50:00',0,'2030-04-19 06:50:00');
INSERT INTO `user_auth_map` (`staff_id`, `action_id`, `feature_id`, `action_name`, `status`, `add_by`, `add_on`, `edit_by`, `edit_on`) VALUES (28,30,7,'f_ccaredef-a_getccdef-ge',1,0,'2030-04-19 06:50:00',0,'2030-04-19 06:50:00');
INSERT INTO `user_auth_map` (`staff_id`, `action_id`, `feature_id`, `action_name`, `status`, `add_by`, `add_on`, `edit_by`, `edit_on`) VALUES (28,31,7,'f_ccaredef-a_index-ge',1,0,'2030-04-19 06:50:00',0,'2030-04-19 06:50:00');
INSERT INTO `user_auth_map` (`staff_id`, `action_id`, `feature_id`, `action_name`, `status`, `add_by`, `add_on`, `edit_by`, `edit_on`) VALUES (28,32,7,'f_ccaredef-a_new-ge',1,0,'2030-04-19 06:50:00',0,'2030-04-19 06:50:00');
INSERT INTO `user_auth_map` (`staff_id`, `action_id`, `feature_id`, `action_name`, `status`, `add_by`, `add_on`, `edit_by`, `edit_on`) VALUES (28,33,7,'f_ccaredef-a_show-ge',1,0,'2030-04-19 06:50:00',0,'2030-04-19 06:50:00');
INSERT INTO `user_auth_map` (`staff_id`, `action_id`, `feature_id`, `action_name`, `status`, `add_by`, `add_on`, `edit_by`, `edit_on`) VALUES (28,34,8,'f_claim-a_claimsofpat-ge',1,0,'2030-04-19 06:50:00',0,'2030-04-19 06:50:00');
INSERT INTO `user_auth_map` (`staff_id`, `action_id`, `feature_id`, `action_name`, `status`, `add_by`, `add_on`, `edit_by`, `edit_on`) VALUES (28,35,8,'f_claim-a_getclmdetails-ge',1,0,'2030-04-19 06:50:00',0,'2030-04-19 06:50:00');
INSERT INTO `user_auth_map` (`staff_id`, `action_id`, `feature_id`, `action_name`, `status`, `add_by`, `add_on`, `edit_by`, `edit_on`) VALUES (28,36,9,'f_commlogs-a_create-ge',1,0,'2030-04-19 06:50:00',0,'2030-04-19 06:50:00');
INSERT INTO `user_auth_map` (`staff_id`, `action_id`, `feature_id`, `action_name`, `status`, `add_by`, `add_on`, `edit_by`, `edit_on`) VALUES (28,37,9,'f_commlogs-a_edit-ge',1,0,'2030-04-19 06:50:00',0,'2030-04-19 06:50:00');
INSERT INTO `user_auth_map` (`staff_id`, `action_id`, `feature_id`, `action_name`, `status`, `add_by`, `add_on`, `edit_by`, `edit_on`) VALUES (28,38,9,'f_commlogs-a_index-ge',1,0,'2030-04-19 06:50:00',0,'2030-04-19 06:50:00');
INSERT INTO `user_auth_map` (`staff_id`, `action_id`, `feature_id`, `action_name`, `status`, `add_by`, `add_on`, `edit_by`, `edit_on`) VALUES (28,39,9,'f_commlogs-a_new-ge',1,0,'2030-04-19 06:50:00',0,'2030-04-19 06:50:00');
INSERT INTO `user_auth_map` (`staff_id`, `action_id`, `feature_id`, `action_name`, `status`, `add_by`, `add_on`, `edit_by`, `edit_on`) VALUES (28,40,9,'f_commlogs-a_show-ge',1,0,'2030-04-19 06:50:00',0,'2030-04-19 06:50:00');
INSERT INTO `user_auth_map` (`staff_id`, `action_id`, `feature_id`, `action_name`, `status`, `add_by`, `add_on`, `edit_by`, `edit_on`) VALUES (28,41,10,'f_dashboard-a_collections-ge',1,0,'2030-04-19 06:50:00',0,'2030-04-19 06:50:00');
INSERT INTO `user_auth_map` (`staff_id`, `action_id`, `feature_id`, `action_name`, `status`, `add_by`, `add_on`, `edit_by`, `edit_on`) VALUES (28,42,10,'f_dashboard-a_index-ge',1,0,'2030-04-19 06:50:00',0,'2030-04-19 06:50:00');
INSERT INTO `user_auth_map` (`staff_id`, `action_id`, `feature_id`, `action_name`, `status`, `add_by`, `add_on`, `edit_by`, `edit_on`) VALUES (28,43,10,'f_dashboard-a_oldashboard-ge',1,0,'2030-04-19 06:50:00',0,'2030-04-19 06:50:00');
INSERT INTO `user_auth_map` (`staff_id`, `action_id`, `feature_id`, `action_name`, `status`, `add_by`, `add_on`, `edit_by`, `edit_on`) VALUES (28,44,11,'f_exam-a_create-ge',1,0,'2030-04-19 06:50:00',0,'2030-04-19 06:50:00');
INSERT INTO `user_auth_map` (`staff_id`, `action_id`, `feature_id`, `action_name`, `status`, `add_by`, `add_on`, `edit_by`, `edit_on`) VALUES (28,45,11,'f_exam-a_createdxtx-po',1,0,'2030-04-19 06:50:00',0,'2030-04-19 06:50:00');
INSERT INTO `user_auth_map` (`staff_id`, `action_id`, `feature_id`, `action_name`, `status`, `add_by`, `add_on`, `edit_by`, `edit_on`) VALUES (28,46,11,'f_exam-a_edit-ge',1,0,'2030-04-19 06:50:00',0,'2030-04-19 06:50:00');
INSERT INTO `user_auth_map` (`staff_id`, `action_id`, `feature_id`, `action_name`, `status`, `add_by`, `add_on`, `edit_by`, `edit_on`) VALUES (28,47,11,'f_exam-a_exammobi-ge',1,0,'2030-04-19 06:50:00',0,'2030-04-19 06:50:00');
INSERT INTO `user_auth_map` (`staff_id`, `action_id`, `feature_id`, `action_name`, `status`, `add_by`, `add_on`, `edit_by`, `edit_on`) VALUES (28,48,11,'f_exam-a_new-ge',1,0,'2030-04-19 06:50:00',0,'2030-04-19 06:50:00');
INSERT INTO `user_auth_map` (`staff_id`, `action_id`, `feature_id`, `action_name`, `status`, `add_by`, `add_on`, `edit_by`, `edit_on`) VALUES (28,49,11,'f_exam-a_thexm-ge',1,0,'2030-04-19 06:50:00',0,'2030-04-19 06:50:00');
INSERT INTO `user_auth_map` (`staff_id`, `action_id`, `feature_id`, `action_name`, `status`, `add_by`, `add_on`, `edit_by`, `edit_on`) VALUES (28,50,11,'f_exam-a_update-po',1,0,'2030-04-19 06:50:00',0,'2030-04-19 06:50:00');
INSERT INTO `user_auth_map` (`staff_id`, `action_id`, `feature_id`, `action_name`, `status`, `add_by`, `add_on`, `edit_by`, `edit_on`) VALUES (28,51,12,'f_feesch-a_create-po',1,0,'2030-04-19 06:50:00',0,'2030-04-19 06:50:00');
INSERT INTO `user_auth_map` (`staff_id`, `action_id`, `feature_id`, `action_name`, `status`, `add_by`, `add_on`, `edit_by`, `edit_on`) VALUES (28,52,12,'f_feesch-a_delete-ge',1,0,'2030-04-19 06:50:00',0,'2030-04-19 06:50:00');
INSERT INTO `user_auth_map` (`staff_id`, `action_id`, `feature_id`, `action_name`, `status`, `add_by`, `add_on`, `edit_by`, `edit_on`) VALUES (28,53,12,'f_feesch-a_edit-ge',1,0,'2030-04-19 06:50:00',0,'2030-04-19 06:50:00');
INSERT INTO `user_auth_map` (`staff_id`, `action_id`, `feature_id`, `action_name`, `status`, `add_by`, `add_on`, `edit_by`, `edit_on`) VALUES (28,54,12,'f_feesch-a_index-ge',1,0,'2030-04-19 06:50:00',0,'2030-04-19 06:50:00');
INSERT INTO `user_auth_map` (`staff_id`, `action_id`, `feature_id`, `action_name`, `status`, `add_by`, `add_on`, `edit_by`, `edit_on`) VALUES (28,55,12,'f_feesch-a_new-ge',1,0,'2030-04-19 06:50:00',0,'2030-04-19 06:50:00');
INSERT INTO `user_auth_map` (`staff_id`, `action_id`, `feature_id`, `action_name`, `status`, `add_by`, `add_on`, `edit_by`, `edit_on`) VALUES (28,56,12,'f_feesch-a_update-po',1,0,'2030-04-19 06:50:00',0,'2030-04-19 06:50:00');
INSERT INTO `user_auth_map` (`staff_id`, `action_id`, `feature_id`, `action_name`, `status`, `add_by`, `add_on`, `edit_by`, `edit_on`) VALUES (28,57,12,'f_feesch-a_updfee-ge',1,0,'2030-04-19 06:50:00',0,'2030-04-19 06:50:00');
INSERT INTO `user_auth_map` (`staff_id`, `action_id`, `feature_id`, `action_name`, `status`, `add_by`, `add_on`, `edit_by`, `edit_on`) VALUES (28,58,12,'f_feesch-a_uploadet-po',1,0,'2030-04-19 06:50:00',0,'2030-04-19 06:50:00');
INSERT INTO `user_auth_map` (`staff_id`, `action_id`, `feature_id`, `action_name`, `status`, `add_by`, `add_on`, `edit_by`, `edit_on`) VALUES (28,59,13,'f_goal-a_allopengoals-ge',1,0,'2030-04-19 06:50:00',0,'2030-04-19 06:50:00');
INSERT INTO `user_auth_map` (`staff_id`, `action_id`, `feature_id`, `action_name`, `status`, `add_by`, `add_on`, `edit_by`, `edit_on`) VALUES (28,60,13,'f_goal-a_create-ge',1,0,'2030-04-19 06:50:00',0,'2030-04-19 06:50:00');
INSERT INTO `user_auth_map` (`staff_id`, `action_id`, `feature_id`, `action_name`, `status`, `add_by`, `add_on`, `edit_by`, `edit_on`) VALUES (28,61,13,'f_goal-a_edit-ge',1,0,'2030-04-19 06:50:00',0,'2030-04-19 06:50:00');
INSERT INTO `user_auth_map` (`staff_id`, `action_id`, `feature_id`, `action_name`, `status`, `add_by`, `add_on`, `edit_by`, `edit_on`) VALUES (28,62,13,'f_goal-a_index-ge',1,0,'2030-04-19 06:50:00',0,'2030-04-19 06:50:00');
INSERT INTO `user_auth_map` (`staff_id`, `action_id`, `feature_id`, `action_name`, `status`, `add_by`, `add_on`, `edit_by`, `edit_on`) VALUES (28,63,13,'f_goal-a_new-ge',1,0,'2030-04-19 06:50:00',0,'2030-04-19 06:50:00');
INSERT INTO `user_auth_map` (`staff_id`, `action_id`, `feature_id`, `action_name`, `status`, `add_by`, `add_on`, `edit_by`, `edit_on`) VALUES (28,64,13,'f_goal-a_patgoalcount-ge',1,0,'2030-04-19 06:50:00',0,'2030-04-19 06:50:00');
INSERT INTO `user_auth_map` (`staff_id`, `action_id`, `feature_id`, `action_name`, `status`, `add_by`, `add_on`, `edit_by`, `edit_on`) VALUES (28,65,13,'f_goal-a_update-ge',1,0,'2030-04-19 06:50:00',0,'2030-04-19 06:50:00');
INSERT INTO `user_auth_map` (`staff_id`, `action_id`, `feature_id`, `action_name`, `status`, `add_by`, `add_on`, `edit_by`, `edit_on`) VALUES (28,66,13,'f_goal-a_updstats-ge',1,0,'2030-04-19 06:50:00',0,'2030-04-19 06:50:00');
INSERT INTO `user_auth_map` (`staff_id`, `action_id`, `feature_id`, `action_name`, `status`, `add_by`, `add_on`, `edit_by`, `edit_on`) VALUES (28,67,14,'f_insplan-a_bendet-ge',1,0,'2030-04-19 06:50:00',0,'2030-04-19 06:50:00');
INSERT INTO `user_auth_map` (`staff_id`, `action_id`, `feature_id`, `action_name`, `status`, `add_by`, `add_on`, `edit_by`, `edit_on`) VALUES (28,68,14,'f_insplan-a_bensum-ge',1,0,'2030-04-19 06:50:00',0,'2030-04-19 06:50:00');
INSERT INTO `user_auth_map` (`staff_id`, `action_id`, `feature_id`, `action_name`, `status`, `add_by`, `add_on`, `edit_by`, `edit_on`) VALUES (28,69,14,'f_insplan-a_create-po',1,0,'2030-04-19 06:50:00',0,'2030-04-19 06:50:00');
INSERT INTO `user_auth_map` (`staff_id`, `action_id`, `feature_id`, `action_name`, `status`, `add_by`, `add_on`, `edit_by`, `edit_on`) VALUES (28,70,14,'f_insplan-a_edit-ge',1,0,'2030-04-19 06:50:00',0,'2030-04-19 06:50:00');
INSERT INTO `user_auth_map` (`staff_id`, `action_id`, `feature_id`, `action_name`, `status`, `add_by`, `add_on`, `edit_by`, `edit_on`) VALUES (28,71,14,'f_insplan-a_getinscovcat-ge',1,0,'2030-04-19 06:50:00',0,'2030-04-19 06:50:00');
INSERT INTO `user_auth_map` (`staff_id`, `action_id`, `feature_id`, `action_name`, `status`, `add_by`, `add_on`, `edit_by`, `edit_on`) VALUES (28,72,14,'f_insplan-a_index-ge',1,0,'2030-04-19 06:50:00',0,'2030-04-19 06:50:00');
INSERT INTO `user_auth_map` (`staff_id`, `action_id`, `feature_id`, `action_name`, `status`, `add_by`, `add_on`, `edit_by`, `edit_on`) VALUES (28,73,14,'f_insplan-a_new-ge',1,0,'2030-04-19 06:50:00',0,'2030-04-19 06:50:00');
INSERT INTO `user_auth_map` (`staff_id`, `action_id`, `feature_id`, `action_name`, `status`, `add_by`, `add_on`, `edit_by`, `edit_on`) VALUES (28,74,14,'f_insplan-a_update-pa',1,0,'2030-04-19 06:50:00',0,'2030-04-19 06:50:00');
INSERT INTO `user_auth_map` (`staff_id`, `action_id`, `feature_id`, `action_name`, `status`, `add_by`, `add_on`, `edit_by`, `edit_on`) VALUES (28,75,14,'f_insplan-a_updbensum-po',1,0,'2030-04-19 06:50:00',0,'2030-04-19 06:50:00');
INSERT INTO `user_auth_map` (`staff_id`, `action_id`, `feature_id`, `action_name`, `status`, `add_by`, `add_on`, `edit_by`, `edit_on`) VALUES (28,76,14,'f_insplan-a_updbenval-po',1,0,'2030-04-19 06:50:00',0,'2030-04-19 06:50:00');
INSERT INTO `user_auth_map` (`staff_id`, `action_id`, `feature_id`, `action_name`, `status`, `add_by`, `add_on`, `edit_by`, `edit_on`) VALUES (28,77,15,'f_invoices-a_adddetails-ge',1,0,'2030-04-19 06:50:00',0,'2030-04-19 06:50:00');
INSERT INTO `user_auth_map` (`staff_id`, `action_id`, `feature_id`, `action_name`, `status`, `add_by`, `add_on`, `edit_by`, `edit_on`) VALUES (28,78,15,'f_invoices-a_create-po',1,0,'2030-04-19 06:50:00',0,'2030-04-19 06:50:00');
INSERT INTO `user_auth_map` (`staff_id`, `action_id`, `feature_id`, `action_name`, `status`, `add_by`, `add_on`, `edit_by`, `edit_on`) VALUES (28,79,15,'f_invoices-a_destroy-po',1,0,'2030-04-19 06:50:00',0,'2030-04-19 06:50:00');
INSERT INTO `user_auth_map` (`staff_id`, `action_id`, `feature_id`, `action_name`, `status`, `add_by`, `add_on`, `edit_by`, `edit_on`) VALUES (28,80,15,'f_invoices-a_edit-ge',1,0,'2030-04-19 06:50:00',0,'2030-04-19 06:50:00');
INSERT INTO `user_auth_map` (`staff_id`, `action_id`, `feature_id`, `action_name`, `status`, `add_by`, `add_on`, `edit_by`, `edit_on`) VALUES (28,81,15,'f_invoices-a_editinv-ge',1,0,'2030-04-19 06:50:00',0,'2030-04-19 06:50:00');
INSERT INTO `user_auth_map` (`staff_id`, `action_id`, `feature_id`, `action_name`, `status`, `add_by`, `add_on`, `edit_by`, `edit_on`) VALUES (28,82,15,'f_invoices-a_invalidate-po',1,0,'2030-04-19 06:50:00',0,'2030-04-19 06:50:00');
INSERT INTO `user_auth_map` (`staff_id`, `action_id`, `feature_id`, `action_name`, `status`, `add_by`, `add_on`, `edit_by`, `edit_on`) VALUES (28,83,15,'f_invoices-a_new-ge',1,0,'2030-04-19 06:50:00',0,'2030-04-19 06:50:00');
INSERT INTO `user_auth_map` (`staff_id`, `action_id`, `feature_id`, `action_name`, `status`, `add_by`, `add_on`, `edit_by`, `edit_on`) VALUES (28,84,15,'f_invoices-a_patinvs-ge',1,0,'2030-04-19 06:50:00',0,'2030-04-19 06:50:00');
INSERT INTO `user_auth_map` (`staff_id`, `action_id`, `feature_id`, `action_name`, `status`, `add_by`, `add_on`, `edit_by`, `edit_on`) VALUES (28,85,15,'f_invoices-a_removedetails-ge',1,0,'2030-04-19 06:50:00',0,'2030-04-19 06:50:00');
INSERT INTO `user_auth_map` (`staff_id`, `action_id`, `feature_id`, `action_name`, `status`, `add_by`, `add_on`, `edit_by`, `edit_on`) VALUES (28,86,16,'f_note-a_create-ge',1,0,'2030-04-19 06:50:00',0,'2030-04-19 06:50:00');
INSERT INTO `user_auth_map` (`staff_id`, `action_id`, `feature_id`, `action_name`, `status`, `add_by`, `add_on`, `edit_by`, `edit_on`) VALUES (28,87,16,'f_note-a_tnotes-ge',1,0,'2030-04-19 06:50:00',0,'2030-04-19 06:50:00');
INSERT INTO `user_auth_map` (`staff_id`, `action_id`, `feature_id`, `action_name`, `status`, `add_by`, `add_on`, `edit_by`, `edit_on`) VALUES (28,88,17,'f_notification-a_notify-ge',1,0,'2030-04-19 06:50:00',0,'2030-04-19 06:50:00');
INSERT INTO `user_auth_map` (`staff_id`, `action_id`, `feature_id`, `action_name`, `status`, `add_by`, `add_on`, `edit_by`, `edit_on`) VALUES (28,89,18,'f_patient-a_addgoal-ge',1,0,'2030-04-19 06:50:00',0,'2030-04-19 06:50:00');
INSERT INTO `user_auth_map` (`staff_id`, `action_id`, `feature_id`, `action_name`, `status`, `add_by`, `add_on`, `edit_by`, `edit_on`) VALUES (28,90,18,'f_patient-a_angpatinfo-ge',1,0,'2030-04-19 06:50:00',0,'2030-04-19 06:50:00');
INSERT INTO `user_auth_map` (`staff_id`, `action_id`, `feature_id`, `action_name`, `status`, `add_by`, `add_on`, `edit_by`, `edit_on`) VALUES (28,91,18,'f_patient-a_create-po',1,0,'2030-04-19 06:50:00',0,'2030-04-19 06:50:00');
INSERT INTO `user_auth_map` (`staff_id`, `action_id`, `feature_id`, `action_name`, `status`, `add_by`, `add_on`, `edit_by`, `edit_on`) VALUES (28,92,18,'f_patient-a_edit-ge',1,0,'2030-04-19 06:50:00',0,'2030-04-19 06:50:00');
INSERT INTO `user_auth_map` (`staff_id`, `action_id`, `feature_id`, `action_name`, `status`, `add_by`, `add_on`, `edit_by`, `edit_on`) VALUES (28,93,18,'f_patient-a_gettprocsofpat-ge',1,0,'2030-04-19 06:50:00',0,'2030-04-19 06:50:00');
INSERT INTO `user_auth_map` (`staff_id`, `action_id`, `feature_id`, `action_name`, `status`, `add_by`, `add_on`, `edit_by`, `edit_on`) VALUES (28,94,18,'f_patient-a_new-po',1,0,'2030-04-19 06:50:00',0,'2030-04-19 06:50:00');
INSERT INTO `user_auth_map` (`staff_id`, `action_id`, `feature_id`, `action_name`, `status`, `add_by`, `add_on`, `edit_by`, `edit_on`) VALUES (28,95,18,'f_patient-a_patcarrierdet-ge',1,0,'2030-04-19 06:50:00',0,'2030-04-19 06:50:00');
INSERT INTO `user_auth_map` (`staff_id`, `action_id`, `feature_id`, `action_name`, `status`, `add_by`, `add_on`, `edit_by`, `edit_on`) VALUES (28,96,18,'f_patient-a_patcarriersummary-ge',1,0,'2030-04-19 06:50:00',0,'2030-04-19 06:50:00');
INSERT INTO `user_auth_map` (`staff_id`, `action_id`, `feature_id`, `action_name`, `status`, `add_by`, `add_on`, `edit_by`, `edit_on`) VALUES (28,97,18,'f_patient-a_patcommlog-ge',1,0,'2030-04-19 06:50:00',0,'2030-04-19 06:50:00');
INSERT INTO `user_auth_map` (`staff_id`, `action_id`, `feature_id`, `action_name`, `status`, `add_by`, `add_on`, `edit_by`, `edit_on`) VALUES (28,98,18,'f_patient-a_patdet-ge',1,0,'2030-04-19 06:50:00',0,'2030-04-19 06:50:00');
INSERT INTO `user_auth_map` (`staff_id`, `action_id`, `feature_id`, `action_name`, `status`, `add_by`, `add_on`, `edit_by`, `edit_on`) VALUES (28,99,18,'f_patient-a_patexam-ge',1,0,'2030-04-19 06:50:00',0,'2030-04-19 06:50:00');
INSERT INTO `user_auth_map` (`staff_id`, `action_id`, `feature_id`, `action_name`, `status`, `add_by`, `add_on`, `edit_by`, `edit_on`) VALUES (28,100,18,'f_patient-a_patfamily-ge',1,0,'2030-04-19 06:50:00',0,'2030-04-19 06:50:00');
INSERT INTO `user_auth_map` (`staff_id`, `action_id`, `feature_id`, `action_name`, `status`, `add_by`, `add_on`, `edit_by`, `edit_on`) VALUES (28,101,18,'f_patient-a_patgoals-ge',1,0,'2030-04-19 06:50:00',0,'2030-04-19 06:50:00');
INSERT INTO `user_auth_map` (`staff_id`, `action_id`, `feature_id`, `action_name`, `status`, `add_by`, `add_on`, `edit_by`, `edit_on`) VALUES (28,102,18,'f_patient-a_patinfo-ge',1,0,'2030-04-19 06:50:00',0,'2030-04-19 06:50:00');
INSERT INTO `user_auth_map` (`staff_id`, `action_id`, `feature_id`, `action_name`, `status`, `add_by`, `add_on`, `edit_by`, `edit_on`) VALUES (28,103,18,'f_patient-a_patsearch-ge',1,0,'2030-04-19 06:50:00',0,'2030-04-19 06:50:00');
INSERT INTO `user_auth_map` (`staff_id`, `action_id`, `feature_id`, `action_name`, `status`, `add_by`, `add_on`, `edit_by`, `edit_on`) VALUES (28,104,18,'f_patient-a_recarelist-ge',1,0,'2030-04-19 06:50:00',0,'2030-04-19 06:50:00');
INSERT INTO `user_auth_map` (`staff_id`, `action_id`, `feature_id`, `action_name`, `status`, `add_by`, `add_on`, `edit_by`, `edit_on`) VALUES (28,105,18,'f_patient-a_update-po',1,0,'2030-04-19 06:50:00',0,'2030-04-19 06:50:00');
INSERT INTO `user_auth_map` (`staff_id`, `action_id`, `feature_id`, `action_name`, `status`, `add_by`, `add_on`, `edit_by`, `edit_on`) VALUES (28,106,18,'f_patient-a_updaterm-po',1,0,'2030-04-19 06:50:00',0,'2030-04-19 06:50:00');
INSERT INTO `user_auth_map` (`staff_id`, `action_id`, `feature_id`, `action_name`, `status`, `add_by`, `add_on`, `edit_by`, `edit_on`) VALUES (28,107,18,'f_patient-a_updpatar-ge',1,0,'2030-04-19 06:50:00',0,'2030-04-19 06:50:00');
INSERT INTO `user_auth_map` (`staff_id`, `action_id`, `feature_id`, `action_name`, `status`, `add_by`, `add_on`, `edit_by`, `edit_on`) VALUES (28,108,18,'f_patient-a_updpatbs-ge',1,0,'2030-04-19 06:50:00',0,'2030-04-19 06:50:00');
INSERT INTO `user_auth_map` (`staff_id`, `action_id`, `feature_id`, `action_name`, `status`, `add_by`, `add_on`, `edit_by`, `edit_on`) VALUES (28,109,18,'f_patient-a_updpathyg-ge',1,0,'2030-04-19 06:50:00',0,'2030-04-19 06:50:00');
INSERT INTO `user_auth_map` (`staff_id`, `action_id`, `feature_id`, `action_name`, `status`, `add_by`, `add_on`, `edit_by`, `edit_on`) VALUES (28,110,18,'f_patient-a_updpatprov-ge',1,0,'2030-04-19 06:50:00',0,'2030-04-19 06:50:00');
INSERT INTO `user_auth_map` (`staff_id`, `action_id`, `feature_id`, `action_name`, `status`, `add_by`, `add_on`, `edit_by`, `edit_on`) VALUES (28,111,18,'f_patient-a_updpatrm-ge',1,0,'2030-04-19 06:50:00',0,'2030-04-19 06:50:00');
INSERT INTO `user_auth_map` (`staff_id`, `action_id`, `feature_id`, `action_name`, `status`, `add_by`, `add_on`, `edit_by`, `edit_on`) VALUES (28,112,19,'f_patpayments-a_appy-po',1,0,'2030-04-19 06:50:00',0,'2030-04-19 06:50:00');
INSERT INTO `user_auth_map` (`staff_id`, `action_id`, `feature_id`, `action_name`, `status`, `add_by`, `add_on`, `edit_by`, `edit_on`) VALUES (28,113,19,'f_patpayments-a_create-po',1,0,'2030-04-19 06:50:00',0,'2030-04-19 06:50:00');
INSERT INTO `user_auth_map` (`staff_id`, `action_id`, `feature_id`, `action_name`, `status`, `add_by`, `add_on`, `edit_by`, `edit_on`) VALUES (28,114,19,'f_patpayments-a_edit-ge',1,0,'2030-04-19 06:50:00',0,'2030-04-19 06:50:00');
INSERT INTO `user_auth_map` (`staff_id`, `action_id`, `feature_id`, `action_name`, `status`, `add_by`, `add_on`, `edit_by`, `edit_on`) VALUES (28,115,19,'f_patpayments-a_editpatpay-ge',1,0,'2030-04-19 06:50:00',0,'2030-04-19 06:50:00');
INSERT INTO `user_auth_map` (`staff_id`, `action_id`, `feature_id`, `action_name`, `status`, `add_by`, `add_on`, `edit_by`, `edit_on`) VALUES (28,116,19,'f_patpayments-a_new-ge',1,0,'2030-04-19 06:50:00',0,'2030-04-19 06:50:00');
INSERT INTO `user_auth_map` (`staff_id`, `action_id`, `feature_id`, `action_name`, `status`, `add_by`, `add_on`, `edit_by`, `edit_on`) VALUES (28,117,19,'f_patpayments-a_patbalpmts-ge',1,0,'2030-04-19 06:50:00',0,'2030-04-19 06:50:00');
INSERT INTO `user_auth_map` (`staff_id`, `action_id`, `feature_id`, `action_name`, `status`, `add_by`, `add_on`, `edit_by`, `edit_on`) VALUES (28,118,19,'f_patpayments-a_patpays-ge',1,0,'2030-04-19 06:50:00',0,'2030-04-19 06:50:00');
INSERT INTO `user_auth_map` (`staff_id`, `action_id`, `feature_id`, `action_name`, `status`, `add_by`, `add_on`, `edit_by`, `edit_on`) VALUES (28,119,20,'f_pattooth-a_addtooth-ge',1,0,'2030-04-19 06:50:00',0,'2030-04-19 06:50:00');
INSERT INTO `user_auth_map` (`staff_id`, `action_id`, `feature_id`, `action_name`, `status`, `add_by`, `add_on`, `edit_by`, `edit_on`) VALUES (28,120,20,'f_pattooth-a_markexist-po',1,0,'2030-04-19 06:50:00',0,'2030-04-19 06:50:00');
INSERT INTO `user_auth_map` (`staff_id`, `action_id`, `feature_id`, `action_name`, `status`, `add_by`, `add_on`, `edit_by`, `edit_on`) VALUES (28,121,20,'f_pattooth-a_markmissing-po',1,0,'2030-04-19 06:50:00',0,'2030-04-19 06:50:00');
INSERT INTO `user_auth_map` (`staff_id`, `action_id`, `feature_id`, `action_name`, `status`, `add_by`, `add_on`, `edit_by`, `edit_on`) VALUES (28,122,20,'f_pattooth-a_remainingtooth-ge',1,0,'2030-04-19 06:50:00',0,'2030-04-19 06:50:00');
INSERT INTO `user_auth_map` (`staff_id`, `action_id`, `feature_id`, `action_name`, `status`, `add_by`, `add_on`, `edit_by`, `edit_on`) VALUES (28,123,20,'f_pattooth-a_removeth-po',1,0,'2030-04-19 06:50:00',0,'2030-04-19 06:50:00');
INSERT INTO `user_auth_map` (`staff_id`, `action_id`, `feature_id`, `action_name`, `status`, `add_by`, `add_on`, `edit_by`, `edit_on`) VALUES (28,124,21,'f_proccode-a_codeofcat-ge',1,0,'2030-04-19 06:50:00',0,'2030-04-19 06:50:00');
INSERT INTO `user_auth_map` (`staff_id`, `action_id`, `feature_id`, `action_name`, `status`, `add_by`, `add_on`, `edit_by`, `edit_on`) VALUES (28,125,21,'f_proccode-a_codesoftx-ge',1,0,'2030-04-19 06:50:00',0,'2030-04-19 06:50:00');
INSERT INTO `user_auth_map` (`staff_id`, `action_id`, `feature_id`, `action_name`, `status`, `add_by`, `add_on`, `edit_by`, `edit_on`) VALUES (28,126,21,'f_proccode-a_edit-ge',1,0,'2030-04-19 06:50:00',0,'2030-04-19 06:50:00');
INSERT INTO `user_auth_map` (`staff_id`, `action_id`, `feature_id`, `action_name`, `status`, `add_by`, `add_on`, `edit_by`, `edit_on`) VALUES (28,127,21,'f_proccode-a_getcodedetails-ge',1,0,'2030-04-19 06:50:00',0,'2030-04-19 06:50:00');
INSERT INTO `user_auth_map` (`staff_id`, `action_id`, `feature_id`, `action_name`, `status`, `add_by`, `add_on`, `edit_by`, `edit_on`) VALUES (28,128,21,'f_proccode-a_getcodes-ge',1,0,'2030-04-19 06:50:00',0,'2030-04-19 06:50:00');
INSERT INTO `user_auth_map` (`staff_id`, `action_id`, `feature_id`, `action_name`, `status`, `add_by`, `add_on`, `edit_by`, `edit_on`) VALUES (28,129,21,'f_proccode-a_index-ge',1,0,'2030-04-19 06:50:00',0,'2030-04-19 06:50:00');
INSERT INTO `user_auth_map` (`staff_id`, `action_id`, `feature_id`, `action_name`, `status`, `add_by`, `add_on`, `edit_by`, `edit_on`) VALUES (28,130,21,'f_proccode-a_proccodeinsfee-ge',1,0,'2030-04-19 06:50:00',0,'2030-04-19 06:50:00');
INSERT INTO `user_auth_map` (`staff_id`, `action_id`, `feature_id`, `action_name`, `status`, `add_by`, `add_on`, `edit_by`, `edit_on`) VALUES (28,131,22,'f_providers-a_edit-ge',1,0,'2030-04-19 06:50:00',0,'2030-04-19 06:50:00');
INSERT INTO `user_auth_map` (`staff_id`, `action_id`, `feature_id`, `action_name`, `status`, `add_by`, `add_on`, `edit_by`, `edit_on`) VALUES (28,132,22,'f_providers-a_index-ge',1,0,'2030-04-19 06:50:00',0,'2030-04-19 06:50:00');
INSERT INTO `user_auth_map` (`staff_id`, `action_id`, `feature_id`, `action_name`, `status`, `add_by`, `add_on`, `edit_by`, `edit_on`) VALUES (28,133,22,'f_providers-a_new-ge',1,0,'2030-04-19 06:50:00',0,'2030-04-19 06:50:00');
INSERT INTO `user_auth_map` (`staff_id`, `action_id`, `feature_id`, `action_name`, `status`, `add_by`, `add_on`, `edit_by`, `edit_on`) VALUES (28,134,22,'f_providers-a_show-ge',1,0,'2030-04-19 06:50:00',0,'2030-04-19 06:50:00');
INSERT INTO `user_auth_map` (`staff_id`, `action_id`, `feature_id`, `action_name`, `status`, `add_by`, `add_on`, `edit_by`, `edit_on`) VALUES (28,135,23,'f_quote-a_adddetails-ge',1,0,'2030-04-19 06:50:00',0,'2030-04-19 06:50:00');
INSERT INTO `user_auth_map` (`staff_id`, `action_id`, `feature_id`, `action_name`, `status`, `add_by`, `add_on`, `edit_by`, `edit_on`) VALUES (28,136,23,'f_quote-a_approvequote-ge',1,0,'2030-04-19 06:50:00',0,'2030-04-19 06:50:00');
INSERT INTO `user_auth_map` (`staff_id`, `action_id`, `feature_id`, `action_name`, `status`, `add_by`, `add_on`, `edit_by`, `edit_on`) VALUES (28,137,23,'f_quote-a_calculate-ge',1,0,'2030-04-19 06:50:00',0,'2030-04-19 06:50:00');
INSERT INTO `user_auth_map` (`staff_id`, `action_id`, `feature_id`, `action_name`, `status`, `add_by`, `add_on`, `edit_by`, `edit_on`) VALUES (28,138,23,'f_quote-a_cancelqt-ge',1,0,'2030-04-19 06:50:00',0,'2030-04-19 06:50:00');
INSERT INTO `user_auth_map` (`staff_id`, `action_id`, `feature_id`, `action_name`, `status`, `add_by`, `add_on`, `edit_by`, `edit_on`) VALUES (28,139,23,'f_quote-a_cg-ge',1,0,'2030-04-19 06:50:00',0,'2030-04-19 06:50:00');
INSERT INTO `user_auth_map` (`staff_id`, `action_id`, `feature_id`, `action_name`, `status`, `add_by`, `add_on`, `edit_by`, `edit_on`) VALUES (28,140,23,'f_quote-a_chgqd-po',1,0,'2030-04-19 06:50:00',0,'2030-04-19 06:50:00');
INSERT INTO `user_auth_map` (`staff_id`, `action_id`, `feature_id`, `action_name`, `status`, `add_by`, `add_on`, `edit_by`, `edit_on`) VALUES (28,141,23,'f_quote-a_create-po',1,0,'2030-04-19 06:50:00',0,'2030-04-19 06:50:00');
INSERT INTO `user_auth_map` (`staff_id`, `action_id`, `feature_id`, `action_name`, `status`, `add_by`, `add_on`, `edit_by`, `edit_on`) VALUES (28,142,23,'f_quote-a_createquotes-po',1,0,'2030-04-19 06:50:00',0,'2030-04-19 06:50:00');
INSERT INTO `user_auth_map` (`staff_id`, `action_id`, `feature_id`, `action_name`, `status`, `add_by`, `add_on`, `edit_by`, `edit_on`) VALUES (28,143,23,'f_quote-a_downloadpdf-po',1,0,'2030-04-19 06:50:00',0,'2030-04-19 06:50:00');
INSERT INTO `user_auth_map` (`staff_id`, `action_id`, `feature_id`, `action_name`, `status`, `add_by`, `add_on`, `edit_by`, `edit_on`) VALUES (28,144,23,'f_quote-a_edit-ge',1,0,'2030-04-19 06:50:00',0,'2030-04-19 06:50:00');
INSERT INTO `user_auth_map` (`staff_id`, `action_id`, `feature_id`, `action_name`, `status`, `add_by`, `add_on`, `edit_by`, `edit_on`) VALUES (28,145,23,'f_quote-a_index-ge',1,0,'2030-04-19 06:50:00',0,'2030-04-19 06:50:00');
INSERT INTO `user_auth_map` (`staff_id`, `action_id`, `feature_id`, `action_name`, `status`, `add_by`, `add_on`, `edit_by`, `edit_on`) VALUES (28,146,23,'f_quote-a_printqt-ge',1,0,'2030-04-19 06:50:00',0,'2030-04-19 06:50:00');
INSERT INTO `user_auth_map` (`staff_id`, `action_id`, `feature_id`, `action_name`, `status`, `add_by`, `add_on`, `edit_by`, `edit_on`) VALUES (28,147,23,'f_quote-a_quoteopts-ge',1,0,'2030-04-19 06:50:00',0,'2030-04-19 06:50:00');
INSERT INTO `user_auth_map` (`staff_id`, `action_id`, `feature_id`, `action_name`, `status`, `add_by`, `add_on`, `edit_by`, `edit_on`) VALUES (28,148,23,'f_quote-a_removedetails-ge',1,0,'2030-04-19 06:50:00',0,'2030-04-19 06:50:00');
INSERT INTO `user_auth_map` (`staff_id`, `action_id`, `feature_id`, `action_name`, `status`, `add_by`, `add_on`, `edit_by`, `edit_on`) VALUES (28,149,23,'f_quote-a_reorder-ge',1,0,'2030-04-19 06:50:00',0,'2030-04-19 06:50:00');
INSERT INTO `user_auth_map` (`staff_id`, `action_id`, `feature_id`, `action_name`, `status`, `add_by`, `add_on`, `edit_by`, `edit_on`) VALUES (28,150,23,'f_quote-a_update-po',1,0,'2030-04-19 06:50:00',0,'2030-04-19 06:50:00');
INSERT INTO `user_auth_map` (`staff_id`, `action_id`, `feature_id`, `action_name`, `status`, `add_by`, `add_on`, `edit_by`, `edit_on`) VALUES (28,151,24,'f_reports-a_agingar-ge',1,0,'2030-04-19 06:50:00',0,'2030-04-19 06:50:00');
INSERT INTO `user_auth_map` (`staff_id`, `action_id`, `feature_id`, `action_name`, `status`, `add_by`, `add_on`, `edit_by`, `edit_on`) VALUES (28,152,24,'f_reports-a_agingreport-ge',1,0,'2030-04-19 06:50:00',0,'2030-04-19 06:50:00');
INSERT INTO `user_auth_map` (`staff_id`, `action_id`, `feature_id`, `action_name`, `status`, `add_by`, `add_on`, `edit_by`, `edit_on`) VALUES (28,153,24,'f_reports-a_allprocs-ge',1,0,'2030-04-19 06:50:00',0,'2030-04-19 06:50:00');
INSERT INTO `user_auth_map` (`staff_id`, `action_id`, `feature_id`, `action_name`, `status`, `add_by`, `add_on`, `edit_by`, `edit_on`) VALUES (28,154,24,'f_reports-a_aptdetail-ge',1,0,'2030-04-19 06:50:00',0,'2030-04-19 06:50:00');
INSERT INTO `user_auth_map` (`staff_id`, `action_id`, `feature_id`, `action_name`, `status`, `add_by`, `add_on`, `edit_by`, `edit_on`) VALUES (28,155,24,'f_reports-a_aptlistsummary-ge',1,0,'2030-04-19 06:50:00',0,'2030-04-19 06:50:00');
INSERT INTO `user_auth_map` (`staff_id`, `action_id`, `feature_id`, `action_name`, `status`, `add_by`, `add_on`, `edit_by`, `edit_on`) VALUES (28,156,24,'f_reports-a_aptlistsummarya-ge',1,0,'2030-04-19 06:50:00',0,'2030-04-19 06:50:00');
INSERT INTO `user_auth_map` (`staff_id`, `action_id`, `feature_id`, `action_name`, `status`, `add_by`, `add_on`, `edit_by`, `edit_on`) VALUES (28,157,24,'f_reports-a_aptrep-ge',1,0,'2030-04-19 06:50:00',0,'2030-04-19 06:50:00');
INSERT INTO `user_auth_map` (`staff_id`, `action_id`, `feature_id`, `action_name`, `status`, `add_by`, `add_on`, `edit_by`, `edit_on`) VALUES (28,158,24,'f_reports-a_aptsummary-ge',1,0,'2030-04-19 06:50:00',0,'2030-04-19 06:50:00');
INSERT INTO `user_auth_map` (`staff_id`, `action_id`, `feature_id`, `action_name`, `status`, `add_by`, `add_on`, `edit_by`, `edit_on`) VALUES (28,159,24,'f_reports-a_carrierlist-ge',1,0,'2030-04-19 06:50:00',0,'2030-04-19 06:50:00');
INSERT INTO `user_auth_map` (`staff_id`, `action_id`, `feature_id`, `action_name`, `status`, `add_by`, `add_on`, `edit_by`, `edit_on`) VALUES (28,160,24,'f_reports-a_ccarepats-ge',1,0,'2030-04-19 06:50:00',0,'2030-04-19 06:50:00');
INSERT INTO `user_auth_map` (`staff_id`, `action_id`, `feature_id`, `action_name`, `status`, `add_by`, `add_on`, `edit_by`, `edit_on`) VALUES (28,161,24,'f_reports-a_claimreport-ge',1,0,'2030-04-19 06:50:00',0,'2030-04-19 06:50:00');
INSERT INTO `user_auth_map` (`staff_id`, `action_id`, `feature_id`, `action_name`, `status`, `add_by`, `add_on`, `edit_by`, `edit_on`) VALUES (28,162,24,'f_reports-a_collectionrept-ge',1,0,'2030-04-19 06:50:00',0,'2030-04-19 06:50:00');
INSERT INTO `user_auth_map` (`staff_id`, `action_id`, `feature_id`, `action_name`, `status`, `add_by`, `add_on`, `edit_by`, `edit_on`) VALUES (28,163,24,'f_reports-a_collrpt-ge',1,0,'2030-04-19 06:50:00',0,'2030-04-19 06:50:00');
INSERT INTO `user_auth_map` (`staff_id`, `action_id`, `feature_id`, `action_name`, `status`, `add_by`, `add_on`, `edit_by`, `edit_on`) VALUES (28,164,24,'f_reports-a_completedprocedures-ge',1,0,'2030-04-19 06:50:00',0,'2030-04-19 06:50:00');
INSERT INTO `user_auth_map` (`staff_id`, `action_id`, `feature_id`, `action_name`, `status`, `add_by`, `add_on`, `edit_by`, `edit_on`) VALUES (28,165,24,'f_reports-a_editsubnote-ge',1,0,'2030-04-19 06:50:00',0,'2030-04-19 06:50:00');
INSERT INTO `user_auth_map` (`staff_id`, `action_id`, `feature_id`, `action_name`, `status`, `add_by`, `add_on`, `edit_by`, `edit_on`) VALUES (28,166,24,'f_reports-a_feeschedulelist-ge',1,0,'2030-04-19 06:50:00',0,'2030-04-19 06:50:00');
INSERT INTO `user_auth_map` (`staff_id`, `action_id`, `feature_id`, `action_name`, `status`, `add_by`, `add_on`, `edit_by`, `edit_on`) VALUES (28,167,24,'f_reports-a_index-ge',1,0,'2030-04-19 06:50:00',0,'2030-04-19 06:50:00');
INSERT INTO `user_auth_map` (`staff_id`, `action_id`, `feature_id`, `action_name`, `status`, `add_by`, `add_on`, `edit_by`, `edit_on`) VALUES (28,168,24,'f_reports-a_insplanlist-ge',1,0,'2030-04-19 06:50:00',0,'2030-04-19 06:50:00');
INSERT INTO `user_auth_map` (`staff_id`, `action_id`, `feature_id`, `action_name`, `status`, `add_by`, `add_on`, `edit_by`, `edit_on`) VALUES (28,169,24,'f_reports-a_newpatreport-ge',1,0,'2030-04-19 06:50:00',0,'2030-04-19 06:50:00');
INSERT INTO `user_auth_map` (`staff_id`, `action_id`, `feature_id`, `action_name`, `status`, `add_by`, `add_on`, `edit_by`, `edit_on`) VALUES (28,170,24,'f_reports-a_notifyby-po',1,0,'2030-04-19 06:50:00',0,'2030-04-19 06:50:00');
INSERT INTO `user_auth_map` (`staff_id`, `action_id`, `feature_id`, `action_name`, `status`, `add_by`, `add_on`, `edit_by`, `edit_on`) VALUES (28,171,24,'f_reports-a_onlyrecallpatients-ge',1,0,'2030-04-19 06:50:00',0,'2030-04-19 06:50:00');
INSERT INTO `user_auth_map` (`staff_id`, `action_id`, `feature_id`, `action_name`, `status`, `add_by`, `add_on`, `edit_by`, `edit_on`) VALUES (28,172,24,'f_reports-a_patinfo-ge',1,0,'2030-04-19 06:50:00',0,'2030-04-19 06:50:00');
INSERT INTO `user_auth_map` (`staff_id`, `action_id`, `feature_id`, `action_name`, `status`, `add_by`, `add_on`, `edit_by`, `edit_on`) VALUES (28,173,24,'f_reports-a_proccodelist-ge',1,0,'2030-04-19 06:50:00',0,'2030-04-19 06:50:00');
INSERT INTO `user_auth_map` (`staff_id`, `action_id`, `feature_id`, `action_name`, `status`, `add_by`, `add_on`, `edit_by`, `edit_on`) VALUES (28,174,24,'f_reports-a_proddetailreport-ge',1,0,'2030-04-19 06:50:00',0,'2030-04-19 06:50:00');
INSERT INTO `user_auth_map` (`staff_id`, `action_id`, `feature_id`, `action_name`, `status`, `add_by`, `add_on`, `edit_by`, `edit_on`) VALUES (28,175,24,'f_reports-a_prodsummaryreport-ge',1,0,'2030-04-19 06:50:00',0,'2030-04-19 06:50:00');
INSERT INTO `user_auth_map` (`staff_id`, `action_id`, `feature_id`, `action_name`, `status`, `add_by`, `add_on`, `edit_by`, `edit_on`) VALUES (28,176,24,'f_reports-a_prodsupersummary-ge',1,0,'2030-04-19 06:50:00',0,'2030-04-19 06:50:00');
INSERT INTO `user_auth_map` (`staff_id`, `action_id`, `feature_id`, `action_name`, `status`, `add_by`, `add_on`, `edit_by`, `edit_on`) VALUES (28,177,24,'f_reports-a_providerlist-ge',1,0,'2030-04-19 06:50:00',0,'2030-04-19 06:50:00');
INSERT INTO `user_auth_map` (`staff_id`, `action_id`, `feature_id`, `action_name`, `status`, `add_by`, `add_on`, `edit_by`, `edit_on`) VALUES (28,178,24,'f_reports-a_recallapt-ge',1,0,'2030-04-19 06:50:00',0,'2030-04-19 06:50:00');
INSERT INTO `user_auth_map` (`staff_id`, `action_id`, `feature_id`, `action_name`, `status`, `add_by`, `add_on`, `edit_by`, `edit_on`) VALUES (28,179,24,'f_reports-a_rvulist-ge',1,0,'2030-04-19 06:50:00',0,'2030-04-19 06:50:00');
INSERT INTO `user_auth_map` (`staff_id`, `action_id`, `feature_id`, `action_name`, `status`, `add_by`, `add_on`, `edit_by`, `edit_on`) VALUES (28,180,24,'f_reports-a_rvureport-ge',1,0,'2030-04-19 06:50:00',0,'2030-04-19 06:50:00');
INSERT INTO `user_auth_map` (`staff_id`, `action_id`, `feature_id`, `action_name`, `status`, `add_by`, `add_on`, `edit_by`, `edit_on`) VALUES (28,181,24,'f_reports-a_unqpatreport-ge',1,0,'2030-04-19 06:50:00',0,'2030-04-19 06:50:00');
INSERT INTO `user_auth_map` (`staff_id`, `action_id`, `feature_id`, `action_name`, `status`, `add_by`, `add_on`, `edit_by`, `edit_on`) VALUES (28,182,24,'f_reports-a_updaterm-po',1,0,'2030-04-19 06:50:00',0,'2030-04-19 06:50:00');
INSERT INTO `user_auth_map` (`staff_id`, `action_id`, `feature_id`, `action_name`, `status`, `add_by`, `add_on`, `edit_by`, `edit_on`) VALUES (28,183,24,'f_reports-a_updsubnote-ge',1,0,'2030-04-19 06:50:00',0,'2030-04-19 06:50:00');
INSERT INTO `user_auth_map` (`staff_id`, `action_id`, `feature_id`, `action_name`, `status`, `add_by`, `add_on`, `edit_by`, `edit_on`) VALUES (28,184,25,'f_session-a_create-po',1,0,'2030-04-19 06:50:00',0,'2030-04-19 06:50:00');
INSERT INTO `user_auth_map` (`staff_id`, `action_id`, `feature_id`, `action_name`, `status`, `add_by`, `add_on`, `edit_by`, `edit_on`) VALUES (28,185,25,'f_session-a_logout-ge',1,0,'2030-04-19 06:50:00',0,'2030-04-19 06:50:00');
INSERT INTO `user_auth_map` (`staff_id`, `action_id`, `feature_id`, `action_name`, `status`, `add_by`, `add_on`, `edit_by`, `edit_on`) VALUES (28,186,25,'f_session-a_new-ge',1,0,'2030-04-19 06:50:00',0,'2030-04-19 06:50:00');
INSERT INTO `user_auth_map` (`staff_id`, `action_id`, `feature_id`, `action_name`, `status`, `add_by`, `add_on`, `edit_by`, `edit_on`) VALUES (28,187,26,'f_sessions-a_destroy-de',1,0,'2030-04-19 06:50:00',0,'2030-04-19 06:50:00');
INSERT INTO `user_auth_map` (`staff_id`, `action_id`, `feature_id`, `action_name`, `status`, `add_by`, `add_on`, `edit_by`, `edit_on`) VALUES (28,188,26,'f_sessions-a_index-ge',1,0,'2030-04-19 06:50:00',0,'2030-04-19 06:50:00');
INSERT INTO `user_auth_map` (`staff_id`, `action_id`, `feature_id`, `action_name`, `status`, `add_by`, `add_on`, `edit_by`, `edit_on`) VALUES (28,189,26,'f_sessions-a_new-ge',1,0,'2030-04-19 06:50:00',0,'2030-04-19 06:50:00');
INSERT INTO `user_auth_map` (`staff_id`, `action_id`, `feature_id`, `action_name`, `status`, `add_by`, `add_on`, `edit_by`, `edit_on`) VALUES (28,190,27,'f_sheetmaster-a_create-ge',1,0,'2030-04-19 06:50:00',0,'2030-04-19 06:50:00');
INSERT INTO `user_auth_map` (`staff_id`, `action_id`, `feature_id`, `action_name`, `status`, `add_by`, `add_on`, `edit_by`, `edit_on`) VALUES (28,191,27,'f_sheetmaster-a_edit-ge',1,0,'2030-04-19 06:50:00',0,'2030-04-19 06:50:00');
INSERT INTO `user_auth_map` (`staff_id`, `action_id`, `feature_id`, `action_name`, `status`, `add_by`, `add_on`, `edit_by`, `edit_on`) VALUES (28,192,27,'f_sheetmaster-a_index-ge',1,0,'2030-04-19 06:50:00',0,'2030-04-19 06:50:00');
INSERT INTO `user_auth_map` (`staff_id`, `action_id`, `feature_id`, `action_name`, `status`, `add_by`, `add_on`, `edit_by`, `edit_on`) VALUES (28,193,27,'f_sheetmaster-a_new-ge',1,0,'2030-04-19 06:50:00',0,'2030-04-19 06:50:00');
INSERT INTO `user_auth_map` (`staff_id`, `action_id`, `feature_id`, `action_name`, `status`, `add_by`, `add_on`, `edit_by`, `edit_on`) VALUES (28,194,27,'f_sheetmaster-a_remove-ge',1,0,'2030-04-19 06:50:00',0,'2030-04-19 06:50:00');
INSERT INTO `user_auth_map` (`staff_id`, `action_id`, `feature_id`, `action_name`, `status`, `add_by`, `add_on`, `edit_by`, `edit_on`) VALUES (28,195,27,'f_sheetmaster-a_update-ge',1,0,'2030-04-19 06:50:00',0,'2030-04-19 06:50:00');
INSERT INTO `user_auth_map` (`staff_id`, `action_id`, `feature_id`, `action_name`, `status`, `add_by`, `add_on`, `edit_by`, `edit_on`) VALUES (28,196,28,'f_staffs-a_cpwd-po',1,0,'2030-04-19 06:50:00',0,'2030-04-19 06:50:00');
INSERT INTO `user_auth_map` (`staff_id`, `action_id`, `feature_id`, `action_name`, `status`, `add_by`, `add_on`, `edit_by`, `edit_on`) VALUES (28,197,28,'f_staffs-a_edit-ge',1,0,'2030-04-19 06:50:00',0,'2030-04-19 06:50:00');
INSERT INTO `user_auth_map` (`staff_id`, `action_id`, `feature_id`, `action_name`, `status`, `add_by`, `add_on`, `edit_by`, `edit_on`) VALUES (28,198,28,'f_staffs-a_ep-ge',1,0,'2030-04-19 06:50:00',0,'2030-04-19 06:50:00');
INSERT INTO `user_auth_map` (`staff_id`, `action_id`, `feature_id`, `action_name`, `status`, `add_by`, `add_on`, `edit_by`, `edit_on`) VALUES (28,199,28,'f_staffs-a_index-ge',1,0,'2030-04-19 06:50:00',0,'2030-04-19 06:50:00');
INSERT INTO `user_auth_map` (`staff_id`, `action_id`, `feature_id`, `action_name`, `status`, `add_by`, `add_on`, `edit_by`, `edit_on`) VALUES (28,200,28,'f_staffs-a_new-ge',1,0,'2030-04-19 06:50:00',0,'2030-04-19 06:50:00');
INSERT INTO `user_auth_map` (`staff_id`, `action_id`, `feature_id`, `action_name`, `status`, `add_by`, `add_on`, `edit_by`, `edit_on`) VALUES (28,201,28,'f_staffs-a_rp-po',1,0,'2030-04-19 06:50:00',0,'2030-04-19 06:50:00');
INSERT INTO `user_auth_map` (`staff_id`, `action_id`, `feature_id`, `action_name`, `status`, `add_by`, `add_on`, `edit_by`, `edit_on`) VALUES (28,202,28,'f_staffs-a_show-ge',1,0,'2030-04-19 06:50:00',0,'2030-04-19 06:50:00');
INSERT INTO `user_auth_map` (`staff_id`, `action_id`, `feature_id`, `action_name`, `status`, `add_by`, `add_on`, `edit_by`, `edit_on`) VALUES (28,203,29,'f_subscriber-a_adddep-po',1,0,'2030-04-19 06:50:00',0,'2030-04-19 06:50:00');
INSERT INTO `user_auth_map` (`staff_id`, `action_id`, `feature_id`, `action_name`, `status`, `add_by`, `add_on`, `edit_by`, `edit_on`) VALUES (28,204,29,'f_subscriber-a_cp-po',1,0,'2030-04-19 06:50:00',0,'2030-04-19 06:50:00');
INSERT INTO `user_auth_map` (`staff_id`, `action_id`, `feature_id`, `action_name`, `status`, `add_by`, `add_on`, `edit_by`, `edit_on`) VALUES (28,205,29,'f_subscriber-a_create-po',1,0,'2030-04-19 06:50:00',0,'2030-04-19 06:50:00');
INSERT INTO `user_auth_map` (`staff_id`, `action_id`, `feature_id`, `action_name`, `status`, `add_by`, `add_on`, `edit_by`, `edit_on`) VALUES (28,206,29,'f_subscriber-a_index-ge',1,0,'2030-04-19 06:50:00',0,'2030-04-19 06:50:00');
INSERT INTO `user_auth_map` (`staff_id`, `action_id`, `feature_id`, `action_name`, `status`, `add_by`, `add_on`, `edit_by`, `edit_on`) VALUES (28,207,29,'f_subscriber-a_new-po',1,0,'2030-04-19 06:50:00',0,'2030-04-19 06:50:00');
INSERT INTO `user_auth_map` (`staff_id`, `action_id`, `feature_id`, `action_name`, `status`, `add_by`, `add_on`, `edit_by`, `edit_on`) VALUES (28,208,30,'f_task-a_create-ge',1,0,'2030-04-19 06:50:00',0,'2030-04-19 06:50:00');
INSERT INTO `user_auth_map` (`staff_id`, `action_id`, `feature_id`, `action_name`, `status`, `add_by`, `add_on`, `edit_by`, `edit_on`) VALUES (28,209,30,'f_task-a_createtask-ge',1,0,'2030-04-19 06:50:00',0,'2030-04-19 06:50:00');
INSERT INTO `user_auth_map` (`staff_id`, `action_id`, `feature_id`, `action_name`, `status`, `add_by`, `add_on`, `edit_by`, `edit_on`) VALUES (28,210,30,'f_task-a_edit-ge',1,0,'2030-04-19 06:50:00',0,'2030-04-19 06:50:00');
INSERT INTO `user_auth_map` (`staff_id`, `action_id`, `feature_id`, `action_name`, `status`, `add_by`, `add_on`, `edit_by`, `edit_on`) VALUES (28,211,30,'f_task-a_getgoalactivities-ge',1,0,'2030-04-19 06:50:00',0,'2030-04-19 06:50:00');
INSERT INTO `user_auth_map` (`staff_id`, `action_id`, `feature_id`, `action_name`, `status`, `add_by`, `add_on`, `edit_by`, `edit_on`) VALUES (28,212,30,'f_task-a_index-ge',1,0,'2030-04-19 06:50:00',0,'2030-04-19 06:50:00');
INSERT INTO `user_auth_map` (`staff_id`, `action_id`, `feature_id`, `action_name`, `status`, `add_by`, `add_on`, `edit_by`, `edit_on`) VALUES (28,213,30,'f_task-a_new-ge',1,0,'2030-04-19 06:50:00',0,'2030-04-19 06:50:00');
INSERT INTO `user_auth_map` (`staff_id`, `action_id`, `feature_id`, `action_name`, `status`, `add_by`, `add_on`, `edit_by`, `edit_on`) VALUES (28,214,30,'f_task-a_pattasks-ge',1,0,'2030-04-19 06:50:00',0,'2030-04-19 06:50:00');
INSERT INTO `user_auth_map` (`staff_id`, `action_id`, `feature_id`, `action_name`, `status`, `add_by`, `add_on`, `edit_by`, `edit_on`) VALUES (28,215,30,'f_task-a_setcomplete-ge',1,0,'2030-04-19 06:50:00',0,'2030-04-19 06:50:00');
INSERT INTO `user_auth_map` (`staff_id`, `action_id`, `feature_id`, `action_name`, `status`, `add_by`, `add_on`, `edit_by`, `edit_on`) VALUES (28,216,30,'f_task-a_update-po',1,0,'2030-04-19 06:50:00',0,'2030-04-19 06:50:00');
INSERT INTO `user_auth_map` (`staff_id`, `action_id`, `feature_id`, `action_name`, `status`, `add_by`, `add_on`, `edit_by`, `edit_on`) VALUES (28,217,30,'f_task-a_updstats-ge',1,0,'2030-04-19 06:50:00',0,'2030-04-19 06:50:00');
INSERT INTO `user_auth_map` (`staff_id`, `action_id`, `feature_id`, `action_name`, `status`, `add_by`, `add_on`, `edit_by`, `edit_on`) VALUES (28,218,31,'f_tplan-a_new-ge',1,0,'2030-04-19 06:50:00',0,'2030-04-19 06:50:00');
INSERT INTO `user_auth_map` (`staff_id`, `action_id`, `feature_id`, `action_name`, `status`, `add_by`, `add_on`, `edit_by`, `edit_on`) VALUES (28,219,32,'f_tproc-a_addfromopts-po',1,0,'2030-04-19 06:50:00',0,'2030-04-19 06:50:00');
INSERT INTO `user_auth_map` (`staff_id`, `action_id`, `feature_id`, `action_name`, `status`, `add_by`, `add_on`, `edit_by`, `edit_on`) VALUES (28,220,32,'f_tproc-a_addprocs-ge',1,0,'2030-04-19 06:50:00',0,'2030-04-19 06:50:00');
INSERT INTO `user_auth_map` (`staff_id`, `action_id`, `feature_id`, `action_name`, `status`, `add_by`, `add_on`, `edit_by`, `edit_on`) VALUES (28,221,32,'f_tproc-a_baltprocs-ge',1,0,'2030-04-19 06:50:00',0,'2030-04-19 06:50:00');
INSERT INTO `user_auth_map` (`staff_id`, `action_id`, `feature_id`, `action_name`, `status`, `add_by`, `add_on`, `edit_by`, `edit_on`) VALUES (28,222,32,'f_tproc-a_chgproc-ge',1,0,'2030-04-19 06:50:00',0,'2030-04-19 06:50:00');
INSERT INTO `user_auth_map` (`staff_id`, `action_id`, `feature_id`, `action_name`, `status`, `add_by`, `add_on`, `edit_by`, `edit_on`) VALUES (28,223,32,'f_tproc-a_deltx-ge',1,0,'2030-04-19 06:50:00',0,'2030-04-19 06:50:00');
INSERT INTO `user_auth_map` (`staff_id`, `action_id`, `feature_id`, `action_name`, `status`, `add_by`, `add_on`, `edit_by`, `edit_on`) VALUES (28,224,32,'f_tproc-a_getesheettotals-ge',1,0,'2030-04-19 06:50:00',0,'2030-04-19 06:50:00');
INSERT INTO `user_auth_map` (`staff_id`, `action_id`, `feature_id`, `action_name`, `status`, `add_by`, `add_on`, `edit_by`, `edit_on`) VALUES (28,225,32,'f_tproc-a_getprocsoftx-ge',1,0,'2030-04-19 06:50:00',0,'2030-04-19 06:50:00');
INSERT INTO `user_auth_map` (`staff_id`, `action_id`, `feature_id`, `action_name`, `status`, `add_by`, `add_on`, `edit_by`, `edit_on`) VALUES (28,226,32,'f_tproc-a_getprocsoftxone-ge',1,0,'2030-04-19 06:50:00',0,'2030-04-19 06:50:00');
INSERT INTO `user_auth_map` (`staff_id`, `action_id`, `feature_id`, `action_name`, `status`, `add_by`, `add_on`, `edit_by`, `edit_on`) VALUES (28,227,32,'f_tproc-a_getproposedtprocs-ge',1,0,'2030-04-19 06:50:00',0,'2030-04-19 06:50:00');
INSERT INTO `user_auth_map` (`staff_id`, `action_id`, `feature_id`, `action_name`, `status`, `add_by`, `add_on`, `edit_by`, `edit_on`) VALUES (28,228,32,'f_tproc-a_gettprocsofpat-ge',1,0,'2030-04-19 06:50:00',0,'2030-04-19 06:50:00');
INSERT INTO `user_auth_map` (`staff_id`, `action_id`, `feature_id`, `action_name`, `status`, `add_by`, `add_on`, `edit_by`, `edit_on`) VALUES (28,229,32,'f_tproc-a_moveable-ge',1,0,'2030-04-19 06:50:00',0,'2030-04-19 06:50:00');
INSERT INTO `user_auth_map` (`staff_id`, `action_id`, `feature_id`, `action_name`, `status`, `add_by`, `add_on`, `edit_by`, `edit_on`) VALUES (28,230,32,'f_tproc-a_patprocs-ge',1,0,'2030-04-19 06:50:00',0,'2030-04-19 06:50:00');
INSERT INTO `user_auth_map` (`staff_id`, `action_id`, `feature_id`, `action_name`, `status`, `add_by`, `add_on`, `edit_by`, `edit_on`) VALUES (28,231,32,'f_tproc-a_txdet-po',1,0,'2030-04-19 06:50:00',0,'2030-04-19 06:50:00');
INSERT INTO `user_auth_map` (`staff_id`, `action_id`, `feature_id`, `action_name`, `status`, `add_by`, `add_on`, `edit_by`, `edit_on`) VALUES (28,232,32,'f_tproc-a_unschtprocs-po',1,0,'2030-04-19 06:50:00',0,'2030-04-19 06:50:00');
INSERT INTO `user_auth_map` (`staff_id`, `action_id`, `feature_id`, `action_name`, `status`, `add_by`, `add_on`, `edit_by`, `edit_on`) VALUES (28,233,33,'f_user-a_create-po',1,0,'2030-04-19 06:50:00',0,'2030-04-19 06:50:00');
INSERT INTO `user_auth_map` (`staff_id`, `action_id`, `feature_id`, `action_name`, `status`, `add_by`, `add_on`, `edit_by`, `edit_on`) VALUES (28,234,33,'f_user-a_new-ge',1,0,'2030-04-19 06:50:00',0,'2030-04-19 06:50:00');
INSERT INTO `user_auth_map` (`staff_id`, `action_id`, `feature_id`, `action_name`, `status`, `add_by`, `add_on`, `edit_by`, `edit_on`) VALUES (28,235,34,'f_userauts-a_edit-ge',1,0,'2030-04-19 06:50:00',0,'2030-04-19 06:50:00');
INSERT INTO `user_auth_map` (`staff_id`, `action_id`, `feature_id`, `action_name`, `status`, `add_by`, `add_on`, `edit_by`, `edit_on`) VALUES (28,236,34,'f_userauts-a_index-ge',1,0,'2030-04-19 06:50:00',0,'2030-04-19 06:50:00');
INSERT INTO `user_auth_map` (`staff_id`, `action_id`, `feature_id`, `action_name`, `status`, `add_by`, `add_on`, `edit_by`, `edit_on`) VALUES (28,237,34,'f_userauts-a_new-ge',1,0,'2030-04-19 06:50:00',0,'2030-04-19 06:50:00');
INSERT INTO `user_auth_map` (`staff_id`, `action_id`, `feature_id`, `action_name`, `status`, `add_by`, `add_on`, `edit_by`, `edit_on`) VALUES (28,238,34,'f_userauts-a_show-ge',1,0,'2030-04-19 06:50:00',0,'2030-04-19 06:50:00');
INSERT INTO `user_auth_map` (`staff_id`, `action_id`, `feature_id`, `action_name`, `status`, `add_by`, `add_on`, `edit_by`, `edit_on`) VALUES (28,239,35,'f_workspace-a_index-ge',1,0,'2030-04-19 06:50:00',0,'2030-04-19 06:50:00');
INSERT INTO `user_auth_map` (`staff_id`, `action_id`, `feature_id`, `action_name`, `status`, `add_by`, `add_on`, `edit_by`, `edit_on`) VALUES (28,240,35,'f_workspace-a_totpat-ge',1,0,'2030-04-19 06:50:00',0,'2030-04-19 06:50:00');
INSERT INTO `user_auth_map` (`staff_id`, `action_id`, `feature_id`, `action_name`, `status`, `add_by`, `add_on`, `edit_by`, `edit_on`) VALUES (29,2,2,'f_application-a_alogs-ge',1,0,'2030-04-19 06:50:00',0,'2030-04-19 06:50:00');
INSERT INTO `user_auth_map` (`staff_id`, `action_id`, `feature_id`, `action_name`, `status`, `add_by`, `add_on`, `edit_by`, `edit_on`) VALUES (29,3,3,'f_appointment-a_addtprocs-ge',1,0,'2030-04-19 06:50:00',0,'2030-04-19 06:50:00');
INSERT INTO `user_auth_map` (`staff_id`, `action_id`, `feature_id`, `action_name`, `status`, `add_by`, `add_on`, `edit_by`, `edit_on`) VALUES (29,4,3,'f_appointment-a_create-ge',1,0,'2030-04-19 06:50:00',0,'2030-04-19 06:50:00');
INSERT INTO `user_auth_map` (`staff_id`, `action_id`, `feature_id`, `action_name`, `status`, `add_by`, `add_on`, `edit_by`, `edit_on`) VALUES (29,5,3,'f_appointment-a_edit-ge',1,0,'2030-04-19 06:50:00',0,'2030-04-19 06:50:00');
INSERT INTO `user_auth_map` (`staff_id`, `action_id`, `feature_id`, `action_name`, `status`, `add_by`, `add_on`, `edit_by`, `edit_on`) VALUES (29,6,3,'f_appointment-a_getappts-po',1,0,'2030-04-19 06:50:00',0,'2030-04-19 06:50:00');
INSERT INTO `user_auth_map` (`staff_id`, `action_id`, `feature_id`, `action_name`, `status`, `add_by`, `add_on`, `edit_by`, `edit_on`) VALUES (29,7,3,'f_appointment-a_getopts-po',1,0,'2030-04-19 06:50:00',0,'2030-04-19 06:50:00');
INSERT INTO `user_auth_map` (`staff_id`, `action_id`, `feature_id`, `action_name`, `status`, `add_by`, `add_on`, `edit_by`, `edit_on`) VALUES (29,8,3,'f_appointment-a_getpatschedappts-ge',1,0,'2030-04-19 06:50:00',0,'2030-04-19 06:50:00');
INSERT INTO `user_auth_map` (`staff_id`, `action_id`, `feature_id`, `action_name`, `status`, `add_by`, `add_on`, `edit_by`, `edit_on`) VALUES (29,9,3,'f_appointment-a_index-ge',1,0,'2030-04-19 06:50:00',0,'2030-04-19 06:50:00');
INSERT INTO `user_auth_map` (`staff_id`, `action_id`, `feature_id`, `action_name`, `status`, `add_by`, `add_on`, `edit_by`, `edit_on`) VALUES (29,10,3,'f_appointment-a_remtprocs-ge',1,0,'2030-04-19 06:50:00',0,'2030-04-19 06:50:00');
INSERT INTO `user_auth_map` (`staff_id`, `action_id`, `feature_id`, `action_name`, `status`, `add_by`, `add_on`, `edit_by`, `edit_on`) VALUES (29,11,3,'f_appointment-a_routeslip-ge',1,0,'2030-04-19 06:50:00',0,'2030-04-19 06:50:00');
INSERT INTO `user_auth_map` (`staff_id`, `action_id`, `feature_id`, `action_name`, `status`, `add_by`, `add_on`, `edit_by`, `edit_on`) VALUES (29,12,3,'f_appointment-a_rtslps-po',1,0,'2030-04-19 06:50:00',0,'2030-04-19 06:50:00');
INSERT INTO `user_auth_map` (`staff_id`, `action_id`, `feature_id`, `action_name`, `status`, `add_by`, `add_on`, `edit_by`, `edit_on`) VALUES (29,13,3,'f_appointment-a_setconfirmst-ge',1,0,'2030-04-19 06:50:00',0,'2030-04-19 06:50:00');
INSERT INTO `user_auth_map` (`staff_id`, `action_id`, `feature_id`, `action_name`, `status`, `add_by`, `add_on`, `edit_by`, `edit_on`) VALUES (29,14,3,'f_appointment-a_update-po',1,0,'2030-04-19 06:50:00',0,'2030-04-19 06:50:00');
INSERT INTO `user_auth_map` (`staff_id`, `action_id`, `feature_id`, `action_name`, `status`, `add_by`, `add_on`, `edit_by`, `edit_on`) VALUES (29,15,3,'f_appointment-a_updtmln-ge',1,0,'2030-04-19 06:50:00',0,'2030-04-19 06:50:00');
INSERT INTO `user_auth_map` (`staff_id`, `action_id`, `feature_id`, `action_name`, `status`, `add_by`, `add_on`, `edit_by`, `edit_on`) VALUES (29,16,4,'f_calendar-a_index-ge',1,0,'2030-04-19 06:50:00',0,'2030-04-19 06:50:00');
INSERT INTO `user_auth_map` (`staff_id`, `action_id`, `feature_id`, `action_name`, `status`, `add_by`, `add_on`, `edit_by`, `edit_on`) VALUES (29,17,4,'f_calendar-a_schapt-po',1,0,'2030-04-19 06:50:00',0,'2030-04-19 06:50:00');
INSERT INTO `user_auth_map` (`staff_id`, `action_id`, `feature_id`, `action_name`, `status`, `add_by`, `add_on`, `edit_by`, `edit_on`) VALUES (29,18,4,'f_calendar-a_utb-po',1,0,'2030-04-19 06:50:00',0,'2030-04-19 06:50:00');
INSERT INTO `user_auth_map` (`staff_id`, `action_id`, `feature_id`, `action_name`, `status`, `add_by`, `add_on`, `edit_by`, `edit_on`) VALUES (29,19,5,'f_carrier-a_create-po',1,0,'2030-04-19 06:50:00',0,'2030-04-19 06:50:00');
INSERT INTO `user_auth_map` (`staff_id`, `action_id`, `feature_id`, `action_name`, `status`, `add_by`, `add_on`, `edit_by`, `edit_on`) VALUES (29,20,5,'f_carrier-a_edit-ge',1,0,'2030-04-19 06:50:00',0,'2030-04-19 06:50:00');
INSERT INTO `user_auth_map` (`staff_id`, `action_id`, `feature_id`, `action_name`, `status`, `add_by`, `add_on`, `edit_by`, `edit_on`) VALUES (29,21,5,'f_carrier-a_index-ge',1,0,'2030-04-19 06:50:00',0,'2030-04-19 06:50:00');
INSERT INTO `user_auth_map` (`staff_id`, `action_id`, `feature_id`, `action_name`, `status`, `add_by`, `add_on`, `edit_by`, `edit_on`) VALUES (29,22,5,'f_carrier-a_new-ge',1,0,'2030-04-19 06:50:00',0,'2030-04-19 06:50:00');
INSERT INTO `user_auth_map` (`staff_id`, `action_id`, `feature_id`, `action_name`, `status`, `add_by`, `add_on`, `edit_by`, `edit_on`) VALUES (29,23,5,'f_carrier-a_update-po',1,0,'2030-04-19 06:50:00',0,'2030-04-19 06:50:00');
INSERT INTO `user_auth_map` (`staff_id`, `action_id`, `feature_id`, `action_name`, `status`, `add_by`, `add_on`, `edit_by`, `edit_on`) VALUES (29,24,6,'f_ccare-a_create-po',1,0,'2030-04-19 06:50:00',0,'2030-04-19 06:50:00');
INSERT INTO `user_auth_map` (`staff_id`, `action_id`, `feature_id`, `action_name`, `status`, `add_by`, `add_on`, `edit_by`, `edit_on`) VALUES (29,25,6,'f_ccare-a_edit-ge',1,0,'2030-04-19 06:50:00',0,'2030-04-19 06:50:00');
INSERT INTO `user_auth_map` (`staff_id`, `action_id`, `feature_id`, `action_name`, `status`, `add_by`, `add_on`, `edit_by`, `edit_on`) VALUES (29,26,6,'f_ccare-a_index-ge',1,0,'2030-04-19 06:50:00',0,'2030-04-19 06:50:00');
INSERT INTO `user_auth_map` (`staff_id`, `action_id`, `feature_id`, `action_name`, `status`, `add_by`, `add_on`, `edit_by`, `edit_on`) VALUES (29,27,6,'f_ccare-a_new-ge',1,0,'2030-04-19 06:50:00',0,'2030-04-19 06:50:00');
INSERT INTO `user_auth_map` (`staff_id`, `action_id`, `feature_id`, `action_name`, `status`, `add_by`, `add_on`, `edit_by`, `edit_on`) VALUES (29,28,6,'f_ccare-a_patccare-ge',1,0,'2030-04-19 06:50:00',0,'2030-04-19 06:50:00');
INSERT INTO `user_auth_map` (`staff_id`, `action_id`, `feature_id`, `action_name`, `status`, `add_by`, `add_on`, `edit_by`, `edit_on`) VALUES (29,29,7,'f_ccaredef-a_edit-ge',1,0,'2030-04-19 06:50:00',0,'2030-04-19 06:50:00');
INSERT INTO `user_auth_map` (`staff_id`, `action_id`, `feature_id`, `action_name`, `status`, `add_by`, `add_on`, `edit_by`, `edit_on`) VALUES (29,30,7,'f_ccaredef-a_getccdef-ge',1,0,'2030-04-19 06:50:00',0,'2030-04-19 06:50:00');
INSERT INTO `user_auth_map` (`staff_id`, `action_id`, `feature_id`, `action_name`, `status`, `add_by`, `add_on`, `edit_by`, `edit_on`) VALUES (29,31,7,'f_ccaredef-a_index-ge',1,0,'2030-04-19 06:50:00',0,'2030-04-19 06:50:00');
INSERT INTO `user_auth_map` (`staff_id`, `action_id`, `feature_id`, `action_name`, `status`, `add_by`, `add_on`, `edit_by`, `edit_on`) VALUES (29,32,7,'f_ccaredef-a_new-ge',1,0,'2030-04-19 06:50:00',0,'2030-04-19 06:50:00');
INSERT INTO `user_auth_map` (`staff_id`, `action_id`, `feature_id`, `action_name`, `status`, `add_by`, `add_on`, `edit_by`, `edit_on`) VALUES (29,33,7,'f_ccaredef-a_show-ge',1,0,'2030-04-19 06:50:00',0,'2030-04-19 06:50:00');
INSERT INTO `user_auth_map` (`staff_id`, `action_id`, `feature_id`, `action_name`, `status`, `add_by`, `add_on`, `edit_by`, `edit_on`) VALUES (29,34,8,'f_claim-a_claimsofpat-ge',1,0,'2030-04-19 06:50:00',0,'2030-04-19 06:50:00');
INSERT INTO `user_auth_map` (`staff_id`, `action_id`, `feature_id`, `action_name`, `status`, `add_by`, `add_on`, `edit_by`, `edit_on`) VALUES (29,35,8,'f_claim-a_getclmdetails-ge',1,0,'2030-04-19 06:50:00',0,'2030-04-19 06:50:00');
INSERT INTO `user_auth_map` (`staff_id`, `action_id`, `feature_id`, `action_name`, `status`, `add_by`, `add_on`, `edit_by`, `edit_on`) VALUES (29,36,9,'f_commlogs-a_create-ge',1,0,'2030-04-19 06:50:00',0,'2030-04-19 06:50:00');
INSERT INTO `user_auth_map` (`staff_id`, `action_id`, `feature_id`, `action_name`, `status`, `add_by`, `add_on`, `edit_by`, `edit_on`) VALUES (29,37,9,'f_commlogs-a_edit-ge',1,0,'2030-04-19 06:50:00',0,'2030-04-19 06:50:00');
INSERT INTO `user_auth_map` (`staff_id`, `action_id`, `feature_id`, `action_name`, `status`, `add_by`, `add_on`, `edit_by`, `edit_on`) VALUES (29,38,9,'f_commlogs-a_index-ge',1,0,'2030-04-19 06:50:00',0,'2030-04-19 06:50:00');
INSERT INTO `user_auth_map` (`staff_id`, `action_id`, `feature_id`, `action_name`, `status`, `add_by`, `add_on`, `edit_by`, `edit_on`) VALUES (29,39,9,'f_commlogs-a_new-ge',1,0,'2030-04-19 06:50:00',0,'2030-04-19 06:50:00');
INSERT INTO `user_auth_map` (`staff_id`, `action_id`, `feature_id`, `action_name`, `status`, `add_by`, `add_on`, `edit_by`, `edit_on`) VALUES (29,40,9,'f_commlogs-a_show-ge',1,0,'2030-04-19 06:50:00',0,'2030-04-19 06:50:00');
INSERT INTO `user_auth_map` (`staff_id`, `action_id`, `feature_id`, `action_name`, `status`, `add_by`, `add_on`, `edit_by`, `edit_on`) VALUES (29,41,10,'f_dashboard-a_collections-ge',1,0,'2030-04-19 06:50:00',0,'2030-04-19 06:50:00');
INSERT INTO `user_auth_map` (`staff_id`, `action_id`, `feature_id`, `action_name`, `status`, `add_by`, `add_on`, `edit_by`, `edit_on`) VALUES (29,42,10,'f_dashboard-a_index-ge',1,0,'2030-04-19 06:50:00',0,'2030-04-19 06:50:00');
INSERT INTO `user_auth_map` (`staff_id`, `action_id`, `feature_id`, `action_name`, `status`, `add_by`, `add_on`, `edit_by`, `edit_on`) VALUES (29,43,10,'f_dashboard-a_oldashboard-ge',1,0,'2030-04-19 06:50:00',0,'2030-04-19 06:50:00');
INSERT INTO `user_auth_map` (`staff_id`, `action_id`, `feature_id`, `action_name`, `status`, `add_by`, `add_on`, `edit_by`, `edit_on`) VALUES (29,60,13,'f_goal-a_create-ge',1,0,'2030-04-19 06:50:00',0,'2030-04-19 06:50:00');
INSERT INTO `user_auth_map` (`staff_id`, `action_id`, `feature_id`, `action_name`, `status`, `add_by`, `add_on`, `edit_by`, `edit_on`) VALUES (29,61,13,'f_goal-a_edit-ge',1,0,'2030-04-19 06:50:00',0,'2030-04-19 06:50:00');
INSERT INTO `user_auth_map` (`staff_id`, `action_id`, `feature_id`, `action_name`, `status`, `add_by`, `add_on`, `edit_by`, `edit_on`) VALUES (29,62,13,'f_goal-a_index-ge',1,0,'2030-04-19 06:50:00',0,'2030-04-19 06:50:00');
INSERT INTO `user_auth_map` (`staff_id`, `action_id`, `feature_id`, `action_name`, `status`, `add_by`, `add_on`, `edit_by`, `edit_on`) VALUES (29,63,13,'f_goal-a_new-ge',1,0,'2030-04-19 06:50:00',0,'2030-04-19 06:50:00');
INSERT INTO `user_auth_map` (`staff_id`, `action_id`, `feature_id`, `action_name`, `status`, `add_by`, `add_on`, `edit_by`, `edit_on`) VALUES (29,64,13,'f_goal-a_patgoalcount-ge',1,0,'2030-04-19 06:50:00',0,'2030-04-19 06:50:00');
INSERT INTO `user_auth_map` (`staff_id`, `action_id`, `feature_id`, `action_name`, `status`, `add_by`, `add_on`, `edit_by`, `edit_on`) VALUES (29,65,13,'f_goal-a_update-ge',1,0,'2030-04-19 06:50:00',0,'2030-04-19 06:50:00');
INSERT INTO `user_auth_map` (`staff_id`, `action_id`, `feature_id`, `action_name`, `status`, `add_by`, `add_on`, `edit_by`, `edit_on`) VALUES (29,66,13,'f_goal-a_updstats-ge',1,0,'2030-04-19 06:50:00',0,'2030-04-19 06:50:00');
INSERT INTO `user_auth_map` (`staff_id`, `action_id`, `feature_id`, `action_name`, `status`, `add_by`, `add_on`, `edit_by`, `edit_on`) VALUES (29,67,14,'f_insplan-a_bendet-ge',1,0,'2030-04-19 06:50:00',0,'2030-04-19 06:50:00');
INSERT INTO `user_auth_map` (`staff_id`, `action_id`, `feature_id`, `action_name`, `status`, `add_by`, `add_on`, `edit_by`, `edit_on`) VALUES (29,68,14,'f_insplan-a_bensum-ge',1,0,'2030-04-19 06:50:00',0,'2030-04-19 06:50:00');
INSERT INTO `user_auth_map` (`staff_id`, `action_id`, `feature_id`, `action_name`, `status`, `add_by`, `add_on`, `edit_by`, `edit_on`) VALUES (29,69,14,'f_insplan-a_create-po',1,0,'2030-04-19 06:50:00',0,'2030-04-19 06:50:00');
INSERT INTO `user_auth_map` (`staff_id`, `action_id`, `feature_id`, `action_name`, `status`, `add_by`, `add_on`, `edit_by`, `edit_on`) VALUES (29,70,14,'f_insplan-a_edit-ge',1,0,'2030-04-19 06:50:00',0,'2030-04-19 06:50:00');
INSERT INTO `user_auth_map` (`staff_id`, `action_id`, `feature_id`, `action_name`, `status`, `add_by`, `add_on`, `edit_by`, `edit_on`) VALUES (29,71,14,'f_insplan-a_getinscovcat-ge',1,0,'2030-04-19 06:50:00',0,'2030-04-19 06:50:00');
INSERT INTO `user_auth_map` (`staff_id`, `action_id`, `feature_id`, `action_name`, `status`, `add_by`, `add_on`, `edit_by`, `edit_on`) VALUES (29,72,14,'f_insplan-a_index-ge',1,0,'2030-04-19 06:50:00',0,'2030-04-19 06:50:00');
INSERT INTO `user_auth_map` (`staff_id`, `action_id`, `feature_id`, `action_name`, `status`, `add_by`, `add_on`, `edit_by`, `edit_on`) VALUES (29,81,15,'f_invoices-a_editinv-ge',1,0,'2030-04-19 06:50:00',0,'2030-04-19 06:50:00');
INSERT INTO `user_auth_map` (`staff_id`, `action_id`, `feature_id`, `action_name`, `status`, `add_by`, `add_on`, `edit_by`, `edit_on`) VALUES (29,82,15,'f_invoices-a_invalidate-po',1,0,'2030-04-19 06:50:00',0,'2030-04-19 06:50:00');
INSERT INTO `user_auth_map` (`staff_id`, `action_id`, `feature_id`, `action_name`, `status`, `add_by`, `add_on`, `edit_by`, `edit_on`) VALUES (29,83,15,'f_invoices-a_new-ge',1,0,'2030-04-19 06:50:00',0,'2030-04-19 06:50:00');
INSERT INTO `user_auth_map` (`staff_id`, `action_id`, `feature_id`, `action_name`, `status`, `add_by`, `add_on`, `edit_by`, `edit_on`) VALUES (29,84,15,'f_invoices-a_patinvs-ge',1,0,'2030-04-19 06:50:00',0,'2030-04-19 06:50:00');
INSERT INTO `user_auth_map` (`staff_id`, `action_id`, `feature_id`, `action_name`, `status`, `add_by`, `add_on`, `edit_by`, `edit_on`) VALUES (29,85,15,'f_invoices-a_removedetails-ge',1,0,'2030-04-19 06:50:00',0,'2030-04-19 06:50:00');
INSERT INTO `user_auth_map` (`staff_id`, `action_id`, `feature_id`, `action_name`, `status`, `add_by`, `add_on`, `edit_by`, `edit_on`) VALUES (29,86,16,'f_note-a_create-ge',1,0,'2030-04-19 06:50:00',0,'2030-04-19 06:50:00');
INSERT INTO `user_auth_map` (`staff_id`, `action_id`, `feature_id`, `action_name`, `status`, `add_by`, `add_on`, `edit_by`, `edit_on`) VALUES (29,87,16,'f_note-a_tnotes-ge',1,0,'2030-04-19 06:50:00',0,'2030-04-19 06:50:00');
INSERT INTO `user_auth_map` (`staff_id`, `action_id`, `feature_id`, `action_name`, `status`, `add_by`, `add_on`, `edit_by`, `edit_on`) VALUES (29,88,17,'f_notification-a_notify-ge',1,0,'2030-04-19 06:50:00',0,'2030-04-19 06:50:00');
INSERT INTO `user_auth_map` (`staff_id`, `action_id`, `feature_id`, `action_name`, `status`, `add_by`, `add_on`, `edit_by`, `edit_on`) VALUES (29,118,19,'f_patpayments-a_patpays-ge',1,0,'2030-04-19 06:50:00',0,'2030-04-19 06:50:00');
INSERT INTO `user_auth_map` (`staff_id`, `action_id`, `feature_id`, `action_name`, `status`, `add_by`, `add_on`, `edit_by`, `edit_on`) VALUES (29,119,20,'f_pattooth-a_addtooth-ge',1,0,'2030-04-19 06:50:00',0,'2030-04-19 06:50:00');
INSERT INTO `user_auth_map` (`staff_id`, `action_id`, `feature_id`, `action_name`, `status`, `add_by`, `add_on`, `edit_by`, `edit_on`) VALUES (29,120,20,'f_pattooth-a_markexist-po',1,0,'2030-04-19 06:50:00',0,'2030-04-19 06:50:00');
INSERT INTO `user_auth_map` (`staff_id`, `action_id`, `feature_id`, `action_name`, `status`, `add_by`, `add_on`, `edit_by`, `edit_on`) VALUES (29,121,20,'f_pattooth-a_markmissing-po',1,0,'2030-04-19 06:50:00',0,'2030-04-19 06:50:00');
INSERT INTO `user_auth_map` (`staff_id`, `action_id`, `feature_id`, `action_name`, `status`, `add_by`, `add_on`, `edit_by`, `edit_on`) VALUES (29,122,20,'f_pattooth-a_remainingtooth-ge',1,0,'2030-04-19 06:50:00',0,'2030-04-19 06:50:00');
INSERT INTO `user_auth_map` (`staff_id`, `action_id`, `feature_id`, `action_name`, `status`, `add_by`, `add_on`, `edit_by`, `edit_on`) VALUES (29,123,20,'f_pattooth-a_removeth-po',1,0,'2030-04-19 06:50:00',0,'2030-04-19 06:50:00');
INSERT INTO `user_auth_map` (`staff_id`, `action_id`, `feature_id`, `action_name`, `status`, `add_by`, `add_on`, `edit_by`, `edit_on`) VALUES (29,124,21,'f_proccode-a_codeofcat-ge',1,0,'2030-04-19 06:50:00',0,'2030-04-19 06:50:00');
INSERT INTO `user_auth_map` (`staff_id`, `action_id`, `feature_id`, `action_name`, `status`, `add_by`, `add_on`, `edit_by`, `edit_on`) VALUES (29,125,21,'f_proccode-a_codesoftx-ge',1,0,'2030-04-19 06:50:00',0,'2030-04-19 06:50:00');
INSERT INTO `user_auth_map` (`staff_id`, `action_id`, `feature_id`, `action_name`, `status`, `add_by`, `add_on`, `edit_by`, `edit_on`) VALUES (29,126,21,'f_proccode-a_edit-ge',1,0,'2030-04-19 06:50:00',0,'2030-04-19 06:50:00');
INSERT INTO `user_auth_map` (`staff_id`, `action_id`, `feature_id`, `action_name`, `status`, `add_by`, `add_on`, `edit_by`, `edit_on`) VALUES (29,127,21,'f_proccode-a_getcodedetails-ge',1,0,'2030-04-19 06:50:00',0,'2030-04-19 06:50:00');
INSERT INTO `user_auth_map` (`staff_id`, `action_id`, `feature_id`, `action_name`, `status`, `add_by`, `add_on`, `edit_by`, `edit_on`) VALUES (29,128,21,'f_proccode-a_getcodes-ge',1,0,'2030-04-19 06:50:00',0,'2030-04-19 06:50:00');
INSERT INTO `user_auth_map` (`staff_id`, `action_id`, `feature_id`, `action_name`, `status`, `add_by`, `add_on`, `edit_by`, `edit_on`) VALUES (29,129,21,'f_proccode-a_index-ge',1,0,'2030-04-19 06:50:00',0,'2030-04-19 06:50:00');
INSERT INTO `user_auth_map` (`staff_id`, `action_id`, `feature_id`, `action_name`, `status`, `add_by`, `add_on`, `edit_by`, `edit_on`) VALUES (29,130,21,'f_proccode-a_proccodeinsfee-ge',1,0,'2030-04-19 06:50:00',0,'2030-04-19 06:50:00');
INSERT INTO `user_auth_map` (`staff_id`, `action_id`, `feature_id`, `action_name`, `status`, `add_by`, `add_on`, `edit_by`, `edit_on`) VALUES (29,131,22,'f_providers-a_edit-ge',1,0,'2030-04-19 06:50:00',0,'2030-04-19 06:50:00');
INSERT INTO `user_auth_map` (`staff_id`, `action_id`, `feature_id`, `action_name`, `status`, `add_by`, `add_on`, `edit_by`, `edit_on`) VALUES (29,132,22,'f_providers-a_index-ge',1,0,'2030-04-19 06:50:00',0,'2030-04-19 06:50:00');
INSERT INTO `user_auth_map` (`staff_id`, `action_id`, `feature_id`, `action_name`, `status`, `add_by`, `add_on`, `edit_by`, `edit_on`) VALUES (29,133,22,'f_providers-a_new-ge',1,0,'2030-04-19 06:50:00',0,'2030-04-19 06:50:00');
INSERT INTO `user_auth_map` (`staff_id`, `action_id`, `feature_id`, `action_name`, `status`, `add_by`, `add_on`, `edit_by`, `edit_on`) VALUES (29,134,22,'f_providers-a_show-ge',1,0,'2030-04-19 06:50:00',0,'2030-04-19 06:50:00');
INSERT INTO `user_auth_map` (`staff_id`, `action_id`, `feature_id`, `action_name`, `status`, `add_by`, `add_on`, `edit_by`, `edit_on`) VALUES (29,135,23,'f_quote-a_adddetails-ge',1,0,'2030-04-19 06:50:00',0,'2030-04-19 06:50:00');
INSERT INTO `user_auth_map` (`staff_id`, `action_id`, `feature_id`, `action_name`, `status`, `add_by`, `add_on`, `edit_by`, `edit_on`) VALUES (29,136,23,'f_quote-a_approvequote-ge',1,0,'2030-04-19 06:50:00',0,'2030-04-19 06:50:00');
INSERT INTO `user_auth_map` (`staff_id`, `action_id`, `feature_id`, `action_name`, `status`, `add_by`, `add_on`, `edit_by`, `edit_on`) VALUES (29,137,23,'f_quote-a_calculate-ge',1,0,'2030-04-19 06:50:00',0,'2030-04-19 06:50:00');
INSERT INTO `user_auth_map` (`staff_id`, `action_id`, `feature_id`, `action_name`, `status`, `add_by`, `add_on`, `edit_by`, `edit_on`) VALUES (29,138,23,'f_quote-a_cancelqt-ge',1,0,'2030-04-19 06:50:00',0,'2030-04-19 06:50:00');
INSERT INTO `user_auth_map` (`staff_id`, `action_id`, `feature_id`, `action_name`, `status`, `add_by`, `add_on`, `edit_by`, `edit_on`) VALUES (29,139,23,'f_quote-a_cg-ge',1,0,'2030-04-19 06:50:00',0,'2030-04-19 06:50:00');
INSERT INTO `user_auth_map` (`staff_id`, `action_id`, `feature_id`, `action_name`, `status`, `add_by`, `add_on`, `edit_by`, `edit_on`) VALUES (29,140,23,'f_quote-a_chgqd-po',1,0,'2030-04-19 06:50:00',0,'2030-04-19 06:50:00');
INSERT INTO `user_auth_map` (`staff_id`, `action_id`, `feature_id`, `action_name`, `status`, `add_by`, `add_on`, `edit_by`, `edit_on`) VALUES (29,177,24,'f_reports-a_providerlist-ge',1,0,'2030-04-19 06:50:00',0,'2030-04-19 06:50:00');
INSERT INTO `user_auth_map` (`staff_id`, `action_id`, `feature_id`, `action_name`, `status`, `add_by`, `add_on`, `edit_by`, `edit_on`) VALUES (29,178,24,'f_reports-a_recallapt-ge',1,0,'2030-04-19 06:50:00',0,'2030-04-19 06:50:00');
INSERT INTO `user_auth_map` (`staff_id`, `action_id`, `feature_id`, `action_name`, `status`, `add_by`, `add_on`, `edit_by`, `edit_on`) VALUES (29,179,24,'f_reports-a_rvulist-ge',1,0,'2030-04-19 06:50:00',0,'2030-04-19 06:50:00');
INSERT INTO `user_auth_map` (`staff_id`, `action_id`, `feature_id`, `action_name`, `status`, `add_by`, `add_on`, `edit_by`, `edit_on`) VALUES (29,180,24,'f_reports-a_rvureport-ge',1,0,'2030-04-19 06:50:00',0,'2030-04-19 06:50:00');
INSERT INTO `user_auth_map` (`staff_id`, `action_id`, `feature_id`, `action_name`, `status`, `add_by`, `add_on`, `edit_by`, `edit_on`) VALUES (29,181,24,'f_reports-a_unqpatreport-ge',1,0,'2030-04-19 06:50:00',0,'2030-04-19 06:50:00');
INSERT INTO `user_auth_map` (`staff_id`, `action_id`, `feature_id`, `action_name`, `status`, `add_by`, `add_on`, `edit_by`, `edit_on`) VALUES (29,182,24,'f_reports-a_updaterm-po',1,0,'2030-04-19 06:50:00',0,'2030-04-19 06:50:00');
INSERT INTO `user_auth_map` (`staff_id`, `action_id`, `feature_id`, `action_name`, `status`, `add_by`, `add_on`, `edit_by`, `edit_on`) VALUES (29,183,24,'f_reports-a_updsubnote-ge',1,0,'2030-04-19 06:50:00',0,'2030-04-19 06:50:00');
INSERT INTO `user_auth_map` (`staff_id`, `action_id`, `feature_id`, `action_name`, `status`, `add_by`, `add_on`, `edit_by`, `edit_on`) VALUES (29,184,25,'f_session-a_create-po',1,0,'2030-04-19 06:50:00',0,'2030-04-19 06:50:00');
INSERT INTO `user_auth_map` (`staff_id`, `action_id`, `feature_id`, `action_name`, `status`, `add_by`, `add_on`, `edit_by`, `edit_on`) VALUES (29,185,25,'f_session-a_logout-ge',1,0,'2030-04-19 06:50:00',0,'2030-04-19 06:50:00');
INSERT INTO `user_auth_map` (`staff_id`, `action_id`, `feature_id`, `action_name`, `status`, `add_by`, `add_on`, `edit_by`, `edit_on`) VALUES (29,186,25,'f_session-a_new-ge',1,0,'2030-04-19 06:50:00',0,'2030-04-19 06:50:00');
INSERT INTO `user_auth_map` (`staff_id`, `action_id`, `feature_id`, `action_name`, `status`, `add_by`, `add_on`, `edit_by`, `edit_on`) VALUES (29,187,26,'f_sessions-a_destroy-de',1,0,'2030-04-19 06:50:00',0,'2030-04-19 06:50:00');
INSERT INTO `user_auth_map` (`staff_id`, `action_id`, `feature_id`, `action_name`, `status`, `add_by`, `add_on`, `edit_by`, `edit_on`) VALUES (29,188,26,'f_sessions-a_index-ge',1,0,'2030-04-19 06:50:00',0,'2030-04-19 06:50:00');
INSERT INTO `user_auth_map` (`staff_id`, `action_id`, `feature_id`, `action_name`, `status`, `add_by`, `add_on`, `edit_by`, `edit_on`) VALUES (29,189,26,'f_sessions-a_new-ge',1,0,'2030-04-19 06:50:00',0,'2030-04-19 06:50:00');
INSERT INTO `user_auth_map` (`staff_id`, `action_id`, `feature_id`, `action_name`, `status`, `add_by`, `add_on`, `edit_by`, `edit_on`) VALUES (29,190,27,'f_sheetmaster-a_create-ge',1,0,'2030-04-19 06:50:00',0,'2030-04-19 06:50:00');
INSERT INTO `user_auth_map` (`staff_id`, `action_id`, `feature_id`, `action_name`, `status`, `add_by`, `add_on`, `edit_by`, `edit_on`) VALUES (29,191,27,'f_sheetmaster-a_edit-ge',1,0,'2030-04-19 06:50:00',0,'2030-04-19 06:50:00');
INSERT INTO `user_auth_map` (`staff_id`, `action_id`, `feature_id`, `action_name`, `status`, `add_by`, `add_on`, `edit_by`, `edit_on`) VALUES (29,192,27,'f_sheetmaster-a_index-ge',1,0,'2030-04-19 06:50:00',0,'2030-04-19 06:50:00');
INSERT INTO `user_auth_map` (`staff_id`, `action_id`, `feature_id`, `action_name`, `status`, `add_by`, `add_on`, `edit_by`, `edit_on`) VALUES (29,193,27,'f_sheetmaster-a_new-ge',1,0,'2030-04-19 06:50:00',0,'2030-04-19 06:50:00');
INSERT INTO `user_auth_map` (`staff_id`, `action_id`, `feature_id`, `action_name`, `status`, `add_by`, `add_on`, `edit_by`, `edit_on`) VALUES (29,194,27,'f_sheetmaster-a_remove-ge',1,0,'2030-04-19 06:50:00',0,'2030-04-19 06:50:00');
INSERT INTO `user_auth_map` (`staff_id`, `action_id`, `feature_id`, `action_name`, `status`, `add_by`, `add_on`, `edit_by`, `edit_on`) VALUES (29,195,27,'f_sheetmaster-a_update-ge',1,0,'2030-04-19 06:50:00',0,'2030-04-19 06:50:00');
INSERT INTO `user_auth_map` (`staff_id`, `action_id`, `feature_id`, `action_name`, `status`, `add_by`, `add_on`, `edit_by`, `edit_on`) VALUES (29,196,28,'f_staffs-a_cpwd-po',1,0,'2030-04-19 06:50:00',0,'2030-04-19 06:50:00');
INSERT INTO `user_auth_map` (`staff_id`, `action_id`, `feature_id`, `action_name`, `status`, `add_by`, `add_on`, `edit_by`, `edit_on`) VALUES (29,197,28,'f_staffs-a_edit-ge',1,0,'2030-04-19 06:50:00',0,'2030-04-19 06:50:00');
INSERT INTO `user_auth_map` (`staff_id`, `action_id`, `feature_id`, `action_name`, `status`, `add_by`, `add_on`, `edit_by`, `edit_on`) VALUES (29,198,28,'f_staffs-a_ep-ge',1,0,'2030-04-19 06:50:00',0,'2030-04-19 06:50:00');
INSERT INTO `user_auth_map` (`staff_id`, `action_id`, `feature_id`, `action_name`, `status`, `add_by`, `add_on`, `edit_by`, `edit_on`) VALUES (29,199,28,'f_staffs-a_index-ge',1,0,'2030-04-19 06:50:00',0,'2030-04-19 06:50:00');
INSERT INTO `user_auth_map` (`staff_id`, `action_id`, `feature_id`, `action_name`, `status`, `add_by`, `add_on`, `edit_by`, `edit_on`) VALUES (29,200,28,'f_staffs-a_new-ge',1,0,'2030-04-19 06:50:00',0,'2030-04-19 06:50:00');
INSERT INTO `user_auth_map` (`staff_id`, `action_id`, `feature_id`, `action_name`, `status`, `add_by`, `add_on`, `edit_by`, `edit_on`) VALUES (29,201,28,'f_staffs-a_rp-po',1,0,'2030-04-19 06:50:00',0,'2030-04-19 06:50:00');
INSERT INTO `user_auth_map` (`staff_id`, `action_id`, `feature_id`, `action_name`, `status`, `add_by`, `add_on`, `edit_by`, `edit_on`) VALUES (29,202,28,'f_staffs-a_show-ge',1,0,'2030-04-19 06:50:00',0,'2030-04-19 06:50:00');
INSERT INTO `user_auth_map` (`staff_id`, `action_id`, `feature_id`, `action_name`, `status`, `add_by`, `add_on`, `edit_by`, `edit_on`) VALUES (29,203,29,'f_subscriber-a_adddep-po',1,0,'2030-04-19 06:50:00',0,'2030-04-19 06:50:00');
INSERT INTO `user_auth_map` (`staff_id`, `action_id`, `feature_id`, `action_name`, `status`, `add_by`, `add_on`, `edit_by`, `edit_on`) VALUES (29,204,29,'f_subscriber-a_cp-po',1,0,'2030-04-19 06:50:00',0,'2030-04-19 06:50:00');
INSERT INTO `user_auth_map` (`staff_id`, `action_id`, `feature_id`, `action_name`, `status`, `add_by`, `add_on`, `edit_by`, `edit_on`) VALUES (29,205,29,'f_subscriber-a_create-po',1,0,'2030-04-19 06:50:00',0,'2030-04-19 06:50:00');
INSERT INTO `user_auth_map` (`staff_id`, `action_id`, `feature_id`, `action_name`, `status`, `add_by`, `add_on`, `edit_by`, `edit_on`) VALUES (29,206,29,'f_subscriber-a_index-ge',1,0,'2030-04-19 06:50:00',0,'2030-04-19 06:50:00');
INSERT INTO `user_auth_map` (`staff_id`, `action_id`, `feature_id`, `action_name`, `status`, `add_by`, `add_on`, `edit_by`, `edit_on`) VALUES (29,207,29,'f_subscriber-a_new-po',1,0,'2030-04-19 06:50:00',0,'2030-04-19 06:50:00');
INSERT INTO `user_auth_map` (`staff_id`, `action_id`, `feature_id`, `action_name`, `status`, `add_by`, `add_on`, `edit_by`, `edit_on`) VALUES (29,208,30,'f_task-a_create-ge',1,0,'2030-04-19 06:50:00',0,'2030-04-19 06:50:00');
INSERT INTO `user_auth_map` (`staff_id`, `action_id`, `feature_id`, `action_name`, `status`, `add_by`, `add_on`, `edit_by`, `edit_on`) VALUES (29,209,30,'f_task-a_createtask-ge',1,0,'2030-04-19 06:50:00',0,'2030-04-19 06:50:00');
INSERT INTO `user_auth_map` (`staff_id`, `action_id`, `feature_id`, `action_name`, `status`, `add_by`, `add_on`, `edit_by`, `edit_on`) VALUES (29,210,30,'f_task-a_edit-ge',1,0,'2030-04-19 06:50:00',0,'2030-04-19 06:50:00');
INSERT INTO `user_auth_map` (`staff_id`, `action_id`, `feature_id`, `action_name`, `status`, `add_by`, `add_on`, `edit_by`, `edit_on`) VALUES (29,211,30,'f_task-a_getgoalactivities-ge',1,0,'2030-04-19 06:50:00',0,'2030-04-19 06:50:00');
INSERT INTO `user_auth_map` (`staff_id`, `action_id`, `feature_id`, `action_name`, `status`, `add_by`, `add_on`, `edit_by`, `edit_on`) VALUES (29,212,30,'f_task-a_index-ge',1,0,'2030-04-19 06:50:00',0,'2030-04-19 06:50:00');
INSERT INTO `user_auth_map` (`staff_id`, `action_id`, `feature_id`, `action_name`, `status`, `add_by`, `add_on`, `edit_by`, `edit_on`) VALUES (29,213,30,'f_task-a_new-ge',1,0,'2030-04-19 06:50:00',0,'2030-04-19 06:50:00');
INSERT INTO `user_auth_map` (`staff_id`, `action_id`, `feature_id`, `action_name`, `status`, `add_by`, `add_on`, `edit_by`, `edit_on`) VALUES (29,214,30,'f_task-a_pattasks-ge',1,0,'2030-04-19 06:50:00',0,'2030-04-19 06:50:00');
INSERT INTO `user_auth_map` (`staff_id`, `action_id`, `feature_id`, `action_name`, `status`, `add_by`, `add_on`, `edit_by`, `edit_on`) VALUES (29,215,30,'f_task-a_setcomplete-ge',1,0,'2030-04-19 06:50:00',0,'2030-04-19 06:50:00');
INSERT INTO `user_auth_map` (`staff_id`, `action_id`, `feature_id`, `action_name`, `status`, `add_by`, `add_on`, `edit_by`, `edit_on`) VALUES (29,216,30,'f_task-a_update-po',1,0,'2030-04-19 06:50:00',0,'2030-04-19 06:50:00');
INSERT INTO `user_auth_map` (`staff_id`, `action_id`, `feature_id`, `action_name`, `status`, `add_by`, `add_on`, `edit_by`, `edit_on`) VALUES (29,217,30,'f_task-a_updstats-ge',1,0,'2030-04-19 06:50:00',0,'2030-04-19 06:50:00');
INSERT INTO `user_auth_map` (`staff_id`, `action_id`, `feature_id`, `action_name`, `status`, `add_by`, `add_on`, `edit_by`, `edit_on`) VALUES (29,218,31,'f_tplan-a_new-ge',1,0,'2030-04-19 06:50:00',0,'2030-04-19 06:50:00');
INSERT INTO `user_auth_map` (`staff_id`, `action_id`, `feature_id`, `action_name`, `status`, `add_by`, `add_on`, `edit_by`, `edit_on`) VALUES (29,219,32,'f_tproc-a_addfromopts-po',1,0,'2030-04-19 06:50:00',0,'2030-04-19 06:50:00');
INSERT INTO `user_auth_map` (`staff_id`, `action_id`, `feature_id`, `action_name`, `status`, `add_by`, `add_on`, `edit_by`, `edit_on`) VALUES (29,220,32,'f_tproc-a_addprocs-ge',1,0,'2030-04-19 06:50:00',0,'2030-04-19 06:50:00');
INSERT INTO `user_auth_map` (`staff_id`, `action_id`, `feature_id`, `action_name`, `status`, `add_by`, `add_on`, `edit_by`, `edit_on`) VALUES (29,221,32,'f_tproc-a_baltprocs-ge',1,0,'2030-04-19 06:50:00',0,'2030-04-19 06:50:00');
INSERT INTO `user_auth_map` (`staff_id`, `action_id`, `feature_id`, `action_name`, `status`, `add_by`, `add_on`, `edit_by`, `edit_on`) VALUES (29,222,32,'f_tproc-a_chgproc-ge',1,0,'2030-04-19 06:50:00',0,'2030-04-19 06:50:00');
INSERT INTO `user_auth_map` (`staff_id`, `action_id`, `feature_id`, `action_name`, `status`, `add_by`, `add_on`, `edit_by`, `edit_on`) VALUES (29,223,32,'f_tproc-a_deltx-ge',1,0,'2030-04-19 06:50:00',0,'2030-04-19 06:50:00');
INSERT INTO `user_auth_map` (`staff_id`, `action_id`, `feature_id`, `action_name`, `status`, `add_by`, `add_on`, `edit_by`, `edit_on`) VALUES (29,224,32,'f_tproc-a_getesheettotals-ge',1,0,'2030-04-19 06:50:00',0,'2030-04-19 06:50:00');
INSERT INTO `user_auth_map` (`staff_id`, `action_id`, `feature_id`, `action_name`, `status`, `add_by`, `add_on`, `edit_by`, `edit_on`) VALUES (29,225,32,'f_tproc-a_getprocsoftx-ge',1,0,'2030-04-19 06:50:00',0,'2030-04-19 06:50:00');
INSERT INTO `user_auth_map` (`staff_id`, `action_id`, `feature_id`, `action_name`, `status`, `add_by`, `add_on`, `edit_by`, `edit_on`) VALUES (30,60,13,'f_goal-a_create-ge',1,0,'2030-04-19 06:50:00',0,'2030-04-19 06:50:00');
INSERT INTO `user_auth_map` (`staff_id`, `action_id`, `feature_id`, `action_name`, `status`, `add_by`, `add_on`, `edit_by`, `edit_on`) VALUES (30,61,13,'f_goal-a_edit-ge',1,0,'2030-04-19 06:50:00',0,'2030-04-19 06:50:00');
INSERT INTO `user_auth_map` (`staff_id`, `action_id`, `feature_id`, `action_name`, `status`, `add_by`, `add_on`, `edit_by`, `edit_on`) VALUES (30,62,13,'f_goal-a_index-ge',1,0,'2030-04-19 06:50:00',0,'2030-04-19 06:50:00');
INSERT INTO `user_auth_map` (`staff_id`, `action_id`, `feature_id`, `action_name`, `status`, `add_by`, `add_on`, `edit_by`, `edit_on`) VALUES (30,63,13,'f_goal-a_new-ge',1,0,'2030-04-19 06:50:00',0,'2030-04-19 06:50:00');
INSERT INTO `user_auth_map` (`staff_id`, `action_id`, `feature_id`, `action_name`, `status`, `add_by`, `add_on`, `edit_by`, `edit_on`) VALUES (30,64,13,'f_goal-a_patgoalcount-ge',1,0,'2030-04-19 06:50:00',0,'2030-04-19 06:50:00');
INSERT INTO `user_auth_map` (`staff_id`, `action_id`, `feature_id`, `action_name`, `status`, `add_by`, `add_on`, `edit_by`, `edit_on`) VALUES (30,65,13,'f_goal-a_update-ge',1,0,'2030-04-19 06:50:00',0,'2030-04-19 06:50:00');
INSERT INTO `user_auth_map` (`staff_id`, `action_id`, `feature_id`, `action_name`, `status`, `add_by`, `add_on`, `edit_by`, `edit_on`) VALUES (30,117,19,'f_patpayments-a_patbalpmts-ge',1,0,'2030-04-19 06:50:00',0,'2030-04-19 06:50:00');
INSERT INTO `user_auth_map` (`staff_id`, `action_id`, `feature_id`, `action_name`, `status`, `add_by`, `add_on`, `edit_by`, `edit_on`) VALUES (30,118,19,'f_patpayments-a_patpays-ge',1,0,'2030-04-19 06:50:00',0,'2030-04-19 06:50:00');
INSERT INTO `user_auth_map` (`staff_id`, `action_id`, `feature_id`, `action_name`, `status`, `add_by`, `add_on`, `edit_by`, `edit_on`) VALUES (30,119,20,'f_pattooth-a_addtooth-ge',1,0,'2030-04-19 06:50:00',0,'2030-04-19 06:50:00');
INSERT INTO `user_auth_map` (`staff_id`, `action_id`, `feature_id`, `action_name`, `status`, `add_by`, `add_on`, `edit_by`, `edit_on`) VALUES (30,120,20,'f_pattooth-a_markexist-po',1,0,'2030-04-19 06:50:00',0,'2030-04-19 06:50:00');
INSERT INTO `user_auth_map` (`staff_id`, `action_id`, `feature_id`, `action_name`, `status`, `add_by`, `add_on`, `edit_by`, `edit_on`) VALUES (30,121,20,'f_pattooth-a_markmissing-po',1,0,'2030-04-19 06:50:00',0,'2030-04-19 06:50:00');
INSERT INTO `user_auth_map` (`staff_id`, `action_id`, `feature_id`, `action_name`, `status`, `add_by`, `add_on`, `edit_by`, `edit_on`) VALUES (30,122,20,'f_pattooth-a_remainingtooth-ge',1,0,'2030-04-19 06:50:00',0,'2030-04-19 06:50:00');
INSERT INTO `user_auth_map` (`staff_id`, `action_id`, `feature_id`, `action_name`, `status`, `add_by`, `add_on`, `edit_by`, `edit_on`) VALUES (30,123,20,'f_pattooth-a_removeth-po',1,0,'2030-04-19 06:50:00',0,'2030-04-19 06:50:00');
INSERT INTO `user_auth_map` (`staff_id`, `action_id`, `feature_id`, `action_name`, `status`, `add_by`, `add_on`, `edit_by`, `edit_on`) VALUES (30,124,21,'f_proccode-a_codeofcat-ge',1,0,'2030-04-19 06:50:00',0,'2030-04-19 06:50:00');
INSERT INTO `user_auth_map` (`staff_id`, `action_id`, `feature_id`, `action_name`, `status`, `add_by`, `add_on`, `edit_by`, `edit_on`) VALUES (30,125,21,'f_proccode-a_codesoftx-ge',1,0,'2030-04-19 06:50:00',0,'2030-04-19 06:50:00');
INSERT INTO `user_auth_map` (`staff_id`, `action_id`, `feature_id`, `action_name`, `status`, `add_by`, `add_on`, `edit_by`, `edit_on`) VALUES (30,126,21,'f_proccode-a_edit-ge',1,0,'2030-04-19 06:50:00',0,'2030-04-19 06:50:00');
INSERT INTO `user_auth_map` (`staff_id`, `action_id`, `feature_id`, `action_name`, `status`, `add_by`, `add_on`, `edit_by`, `edit_on`) VALUES (30,127,21,'f_proccode-a_getcodedetails-ge',1,0,'2030-04-19 06:50:00',0,'2030-04-19 06:50:00');
INSERT INTO `user_auth_map` (`staff_id`, `action_id`, `feature_id`, `action_name`, `status`, `add_by`, `add_on`, `edit_by`, `edit_on`) VALUES (30,128,21,'f_proccode-a_getcodes-ge',1,0,'2030-04-19 06:50:00',0,'2030-04-19 06:50:00');
INSERT INTO `user_auth_map` (`staff_id`, `action_id`, `feature_id`, `action_name`, `status`, `add_by`, `add_on`, `edit_by`, `edit_on`) VALUES (30,129,21,'f_proccode-a_index-ge',1,0,'2030-04-19 06:50:00',0,'2030-04-19 06:50:00');
INSERT INTO `user_auth_map` (`staff_id`, `action_id`, `feature_id`, `action_name`, `status`, `add_by`, `add_on`, `edit_by`, `edit_on`) VALUES (30,130,21,'f_proccode-a_proccodeinsfee-ge',1,0,'2030-04-19 06:50:00',0,'2030-04-19 06:50:00');
INSERT INTO `user_auth_map` (`staff_id`, `action_id`, `feature_id`, `action_name`, `status`, `add_by`, `add_on`, `edit_by`, `edit_on`) VALUES (30,131,22,'f_providers-a_edit-ge',1,0,'2030-04-19 06:50:00',0,'2030-04-19 06:50:00');
INSERT INTO `user_auth_map` (`staff_id`, `action_id`, `feature_id`, `action_name`, `status`, `add_by`, `add_on`, `edit_by`, `edit_on`) VALUES (30,132,22,'f_providers-a_index-ge',1,0,'2030-04-19 06:50:00',0,'2030-04-19 06:50:00');
INSERT INTO `user_auth_map` (`staff_id`, `action_id`, `feature_id`, `action_name`, `status`, `add_by`, `add_on`, `edit_by`, `edit_on`) VALUES (30,133,22,'f_providers-a_new-ge',1,0,'2030-04-19 06:50:00',0,'2030-04-19 06:50:00');
INSERT INTO `user_auth_map` (`staff_id`, `action_id`, `feature_id`, `action_name`, `status`, `add_by`, `add_on`, `edit_by`, `edit_on`) VALUES (30,134,22,'f_providers-a_show-ge',1,0,'2030-04-19 06:50:00',0,'2030-04-19 06:50:00');
INSERT INTO `user_auth_map` (`staff_id`, `action_id`, `feature_id`, `action_name`, `status`, `add_by`, `add_on`, `edit_by`, `edit_on`) VALUES (30,135,23,'f_quote-a_adddetails-ge',1,0,'2030-04-19 06:50:00',0,'2030-04-19 06:50:00');
INSERT INTO `user_auth_map` (`staff_id`, `action_id`, `feature_id`, `action_name`, `status`, `add_by`, `add_on`, `edit_by`, `edit_on`) VALUES (30,136,23,'f_quote-a_approvequote-ge',1,0,'2030-04-19 06:50:00',0,'2030-04-19 06:50:00');
INSERT INTO `user_auth_map` (`staff_id`, `action_id`, `feature_id`, `action_name`, `status`, `add_by`, `add_on`, `edit_by`, `edit_on`) VALUES (30,137,23,'f_quote-a_calculate-ge',1,0,'2030-04-19 06:50:00',0,'2030-04-19 06:50:00');
INSERT INTO `user_auth_map` (`staff_id`, `action_id`, `feature_id`, `action_name`, `status`, `add_by`, `add_on`, `edit_by`, `edit_on`) VALUES (30,138,23,'f_quote-a_cancelqt-ge',1,0,'2030-04-19 06:50:00',0,'2030-04-19 06:50:00');
INSERT INTO `user_auth_map` (`staff_id`, `action_id`, `feature_id`, `action_name`, `status`, `add_by`, `add_on`, `edit_by`, `edit_on`) VALUES (30,139,23,'f_quote-a_cg-ge',1,0,'2030-04-19 06:50:00',0,'2030-04-19 06:50:00');
INSERT INTO `user_auth_map` (`staff_id`, `action_id`, `feature_id`, `action_name`, `status`, `add_by`, `add_on`, `edit_by`, `edit_on`) VALUES (30,140,23,'f_quote-a_chgqd-po',1,0,'2030-04-19 06:50:00',0,'2030-04-19 06:50:00');
INSERT INTO `user_auth_map` (`staff_id`, `action_id`, `feature_id`, `action_name`, `status`, `add_by`, `add_on`, `edit_by`, `edit_on`) VALUES (31,2,2,'f_application-a_alogs-ge',1,0,'2030-04-19 06:50:00',0,'2030-04-19 06:50:00');
INSERT INTO `user_auth_map` (`staff_id`, `action_id`, `feature_id`, `action_name`, `status`, `add_by`, `add_on`, `edit_by`, `edit_on`) VALUES (31,3,3,'f_appointment-a_addtprocs-ge',1,0,'2030-04-19 06:50:00',0,'2030-04-19 06:50:00');
INSERT INTO `user_auth_map` (`staff_id`, `action_id`, `feature_id`, `action_name`, `status`, `add_by`, `add_on`, `edit_by`, `edit_on`) VALUES (31,4,3,'f_appointment-a_create-ge',1,0,'2030-04-19 06:50:00',0,'2030-04-19 06:50:00');
INSERT INTO `user_auth_map` (`staff_id`, `action_id`, `feature_id`, `action_name`, `status`, `add_by`, `add_on`, `edit_by`, `edit_on`) VALUES (31,5,3,'f_appointment-a_edit-ge',1,0,'2030-04-19 06:50:00',0,'2030-04-19 06:50:00');
INSERT INTO `user_auth_map` (`staff_id`, `action_id`, `feature_id`, `action_name`, `status`, `add_by`, `add_on`, `edit_by`, `edit_on`) VALUES (31,6,3,'f_appointment-a_getappts-po',1,0,'2030-04-19 06:50:00',0,'2030-04-19 06:50:00');
INSERT INTO `user_auth_map` (`staff_id`, `action_id`, `feature_id`, `action_name`, `status`, `add_by`, `add_on`, `edit_by`, `edit_on`) VALUES (31,7,3,'f_appointment-a_getopts-po',1,0,'2030-04-19 06:50:00',0,'2030-04-19 06:50:00');
INSERT INTO `user_auth_map` (`staff_id`, `action_id`, `feature_id`, `action_name`, `status`, `add_by`, `add_on`, `edit_by`, `edit_on`) VALUES (31,8,3,'f_appointment-a_getpatschedappts-ge',1,0,'2030-04-19 06:50:00',0,'2030-04-19 06:50:00');
INSERT INTO `user_auth_map` (`staff_id`, `action_id`, `feature_id`, `action_name`, `status`, `add_by`, `add_on`, `edit_by`, `edit_on`) VALUES (31,9,3,'f_appointment-a_index-ge',1,0,'2030-04-19 06:50:00',0,'2030-04-19 06:50:00');
INSERT INTO `user_auth_map` (`staff_id`, `action_id`, `feature_id`, `action_name`, `status`, `add_by`, `add_on`, `edit_by`, `edit_on`) VALUES (31,10,3,'f_appointment-a_remtprocs-ge',1,0,'2030-04-19 06:50:00',0,'2030-04-19 06:50:00');
INSERT INTO `user_auth_map` (`staff_id`, `action_id`, `feature_id`, `action_name`, `status`, `add_by`, `add_on`, `edit_by`, `edit_on`) VALUES (31,11,3,'f_appointment-a_routeslip-ge',1,0,'2030-04-19 06:50:00',0,'2030-04-19 06:50:00');
INSERT INTO `user_auth_map` (`staff_id`, `action_id`, `feature_id`, `action_name`, `status`, `add_by`, `add_on`, `edit_by`, `edit_on`) VALUES (31,12,3,'f_appointment-a_rtslps-po',1,0,'2030-04-19 06:50:00',0,'2030-04-19 06:50:00');
INSERT INTO `user_auth_map` (`staff_id`, `action_id`, `feature_id`, `action_name`, `status`, `add_by`, `add_on`, `edit_by`, `edit_on`) VALUES (31,13,3,'f_appointment-a_setconfirmst-ge',1,0,'2030-04-19 06:50:00',0,'2030-04-19 06:50:00');
INSERT INTO `user_auth_map` (`staff_id`, `action_id`, `feature_id`, `action_name`, `status`, `add_by`, `add_on`, `edit_by`, `edit_on`) VALUES (31,14,3,'f_appointment-a_update-po',1,0,'2030-04-19 06:50:00',0,'2030-04-19 06:50:00');
INSERT INTO `user_auth_map` (`staff_id`, `action_id`, `feature_id`, `action_name`, `status`, `add_by`, `add_on`, `edit_by`, `edit_on`) VALUES (31,15,3,'f_appointment-a_updtmln-ge',1,0,'2030-04-19 06:50:00',0,'2030-04-19 06:50:00');
INSERT INTO `user_auth_map` (`staff_id`, `action_id`, `feature_id`, `action_name`, `status`, `add_by`, `add_on`, `edit_by`, `edit_on`) VALUES (31,16,4,'f_calendar-a_index-ge',1,0,'2030-04-19 06:50:00',0,'2030-04-19 06:50:00');
INSERT INTO `user_auth_map` (`staff_id`, `action_id`, `feature_id`, `action_name`, `status`, `add_by`, `add_on`, `edit_by`, `edit_on`) VALUES (31,17,4,'f_calendar-a_schapt-po',1,0,'2030-04-19 06:50:00',0,'2030-04-19 06:50:00');
INSERT INTO `user_auth_map` (`staff_id`, `action_id`, `feature_id`, `action_name`, `status`, `add_by`, `add_on`, `edit_by`, `edit_on`) VALUES (31,18,4,'f_calendar-a_utb-po',1,0,'2030-04-19 06:50:00',0,'2030-04-19 06:50:00');
INSERT INTO `user_auth_map` (`staff_id`, `action_id`, `feature_id`, `action_name`, `status`, `add_by`, `add_on`, `edit_by`, `edit_on`) VALUES (31,19,5,'f_carrier-a_create-po',1,0,'2030-04-19 06:50:00',0,'2030-04-19 06:50:00');
INSERT INTO `user_auth_map` (`staff_id`, `action_id`, `feature_id`, `action_name`, `status`, `add_by`, `add_on`, `edit_by`, `edit_on`) VALUES (31,20,5,'f_carrier-a_edit-ge',1,0,'2030-04-19 06:50:00',0,'2030-04-19 06:50:00');
INSERT INTO `user_auth_map` (`staff_id`, `action_id`, `feature_id`, `action_name`, `status`, `add_by`, `add_on`, `edit_by`, `edit_on`) VALUES (31,21,5,'f_carrier-a_index-ge',1,0,'2030-04-19 06:50:00',0,'2030-04-19 06:50:00');
INSERT INTO `user_auth_map` (`staff_id`, `action_id`, `feature_id`, `action_name`, `status`, `add_by`, `add_on`, `edit_by`, `edit_on`) VALUES (31,22,5,'f_carrier-a_new-ge',1,0,'2030-04-19 06:50:00',0,'2030-04-19 06:50:00');
INSERT INTO `user_auth_map` (`staff_id`, `action_id`, `feature_id`, `action_name`, `status`, `add_by`, `add_on`, `edit_by`, `edit_on`) VALUES (31,23,5,'f_carrier-a_update-po',1,0,'2030-04-19 06:50:00',0,'2030-04-19 06:50:00');
INSERT INTO `user_auth_map` (`staff_id`, `action_id`, `feature_id`, `action_name`, `status`, `add_by`, `add_on`, `edit_by`, `edit_on`) VALUES (31,24,6,'f_ccare-a_create-po',1,0,'2030-04-19 06:50:00',0,'2030-04-19 06:50:00');
INSERT INTO `user_auth_map` (`staff_id`, `action_id`, `feature_id`, `action_name`, `status`, `add_by`, `add_on`, `edit_by`, `edit_on`) VALUES (31,25,6,'f_ccare-a_edit-ge',1,0,'2030-04-19 06:50:00',0,'2030-04-19 06:50:00');
INSERT INTO `user_auth_map` (`staff_id`, `action_id`, `feature_id`, `action_name`, `status`, `add_by`, `add_on`, `edit_by`, `edit_on`) VALUES (31,26,6,'f_ccare-a_index-ge',1,0,'2030-04-19 06:50:00',0,'2030-04-19 06:50:00');
INSERT INTO `user_auth_map` (`staff_id`, `action_id`, `feature_id`, `action_name`, `status`, `add_by`, `add_on`, `edit_by`, `edit_on`) VALUES (31,27,6,'f_ccare-a_new-ge',1,0,'2030-04-19 06:50:00',0,'2030-04-19 06:50:00');
INSERT INTO `user_auth_map` (`staff_id`, `action_id`, `feature_id`, `action_name`, `status`, `add_by`, `add_on`, `edit_by`, `edit_on`) VALUES (31,28,6,'f_ccare-a_patccare-ge',1,0,'2030-04-19 06:50:00',0,'2030-04-19 06:50:00');
INSERT INTO `user_auth_map` (`staff_id`, `action_id`, `feature_id`, `action_name`, `status`, `add_by`, `add_on`, `edit_by`, `edit_on`) VALUES (31,29,7,'f_ccaredef-a_edit-ge',1,0,'2030-04-19 06:50:00',0,'2030-04-19 06:50:00');
INSERT INTO `user_auth_map` (`staff_id`, `action_id`, `feature_id`, `action_name`, `status`, `add_by`, `add_on`, `edit_by`, `edit_on`) VALUES (31,30,7,'f_ccaredef-a_getccdef-ge',1,0,'2030-04-19 06:50:00',0,'2030-04-19 06:50:00');
INSERT INTO `user_auth_map` (`staff_id`, `action_id`, `feature_id`, `action_name`, `status`, `add_by`, `add_on`, `edit_by`, `edit_on`) VALUES (31,31,7,'f_ccaredef-a_index-ge',1,0,'2030-04-19 06:50:00',0,'2030-04-19 06:50:00');
INSERT INTO `user_auth_map` (`staff_id`, `action_id`, `feature_id`, `action_name`, `status`, `add_by`, `add_on`, `edit_by`, `edit_on`) VALUES (31,32,7,'f_ccaredef-a_new-ge',1,0,'2030-04-19 06:50:00',0,'2030-04-19 06:50:00');
INSERT INTO `user_auth_map` (`staff_id`, `action_id`, `feature_id`, `action_name`, `status`, `add_by`, `add_on`, `edit_by`, `edit_on`) VALUES (31,33,7,'f_ccaredef-a_show-ge',1,0,'2030-04-19 06:50:00',0,'2030-04-19 06:50:00');
INSERT INTO `user_auth_map` (`staff_id`, `action_id`, `feature_id`, `action_name`, `status`, `add_by`, `add_on`, `edit_by`, `edit_on`) VALUES (31,34,8,'f_claim-a_claimsofpat-ge',1,0,'2030-04-19 06:50:00',0,'2030-04-19 06:50:00');
INSERT INTO `user_auth_map` (`staff_id`, `action_id`, `feature_id`, `action_name`, `status`, `add_by`, `add_on`, `edit_by`, `edit_on`) VALUES (31,35,8,'f_claim-a_getclmdetails-ge',1,0,'2030-04-19 06:50:00',0,'2030-04-19 06:50:00');
INSERT INTO `user_auth_map` (`staff_id`, `action_id`, `feature_id`, `action_name`, `status`, `add_by`, `add_on`, `edit_by`, `edit_on`) VALUES (31,36,9,'f_commlogs-a_create-ge',1,0,'2030-04-19 06:50:00',0,'2030-04-19 06:50:00');
INSERT INTO `user_auth_map` (`staff_id`, `action_id`, `feature_id`, `action_name`, `status`, `add_by`, `add_on`, `edit_by`, `edit_on`) VALUES (31,37,9,'f_commlogs-a_edit-ge',1,0,'2030-04-19 06:50:00',0,'2030-04-19 06:50:00');
INSERT INTO `user_auth_map` (`staff_id`, `action_id`, `feature_id`, `action_name`, `status`, `add_by`, `add_on`, `edit_by`, `edit_on`) VALUES (31,38,9,'f_commlogs-a_index-ge',1,0,'2030-04-19 06:50:00',0,'2030-04-19 06:50:00');
INSERT INTO `user_auth_map` (`staff_id`, `action_id`, `feature_id`, `action_name`, `status`, `add_by`, `add_on`, `edit_by`, `edit_on`) VALUES (31,39,9,'f_commlogs-a_new-ge',1,0,'2030-04-19 06:50:00',0,'2030-04-19 06:50:00');
INSERT INTO `user_auth_map` (`staff_id`, `action_id`, `feature_id`, `action_name`, `status`, `add_by`, `add_on`, `edit_by`, `edit_on`) VALUES (31,40,9,'f_commlogs-a_show-ge',1,0,'2030-04-19 06:50:00',0,'2030-04-19 06:50:00');
INSERT INTO `user_auth_map` (`staff_id`, `action_id`, `feature_id`, `action_name`, `status`, `add_by`, `add_on`, `edit_by`, `edit_on`) VALUES (31,41,10,'f_dashboard-a_collections-ge',1,0,'2030-04-19 06:50:00',0,'2030-04-19 06:50:00');
INSERT INTO `user_auth_map` (`staff_id`, `action_id`, `feature_id`, `action_name`, `status`, `add_by`, `add_on`, `edit_by`, `edit_on`) VALUES (31,42,10,'f_dashboard-a_index-ge',1,0,'2030-04-19 06:50:00',0,'2030-04-19 06:50:00');
INSERT INTO `user_auth_map` (`staff_id`, `action_id`, `feature_id`, `action_name`, `status`, `add_by`, `add_on`, `edit_by`, `edit_on`) VALUES (31,43,10,'f_dashboard-a_oldashboard-ge',1,0,'2030-04-19 06:50:00',0,'2030-04-19 06:50:00');
INSERT INTO `user_auth_map` (`staff_id`, `action_id`, `feature_id`, `action_name`, `status`, `add_by`, `add_on`, `edit_by`, `edit_on`) VALUES (31,44,11,'f_exam-a_create-ge',1,0,'2030-04-19 06:50:00',0,'2030-04-19 06:50:00');
INSERT INTO `user_auth_map` (`staff_id`, `action_id`, `feature_id`, `action_name`, `status`, `add_by`, `add_on`, `edit_by`, `edit_on`) VALUES (31,45,11,'f_exam-a_createdxtx-po',1,0,'2030-04-19 06:50:00',0,'2030-04-19 06:50:00');
INSERT INTO `user_auth_map` (`staff_id`, `action_id`, `feature_id`, `action_name`, `status`, `add_by`, `add_on`, `edit_by`, `edit_on`) VALUES (31,60,13,'f_goal-a_create-ge',1,0,'2030-04-19 06:50:00',0,'2030-04-19 06:50:00');
INSERT INTO `user_auth_map` (`staff_id`, `action_id`, `feature_id`, `action_name`, `status`, `add_by`, `add_on`, `edit_by`, `edit_on`) VALUES (31,61,13,'f_goal-a_edit-ge',1,0,'2030-04-19 06:50:00',0,'2030-04-19 06:50:00');
INSERT INTO `user_auth_map` (`staff_id`, `action_id`, `feature_id`, `action_name`, `status`, `add_by`, `add_on`, `edit_by`, `edit_on`) VALUES (31,62,13,'f_goal-a_index-ge',1,0,'2030-04-19 06:50:00',0,'2030-04-19 06:50:00');
INSERT INTO `user_auth_map` (`staff_id`, `action_id`, `feature_id`, `action_name`, `status`, `add_by`, `add_on`, `edit_by`, `edit_on`) VALUES (31,63,13,'f_goal-a_new-ge',1,0,'2030-04-19 06:50:00',0,'2030-04-19 06:50:00');
INSERT INTO `user_auth_map` (`staff_id`, `action_id`, `feature_id`, `action_name`, `status`, `add_by`, `add_on`, `edit_by`, `edit_on`) VALUES (31,64,13,'f_goal-a_patgoalcount-ge',1,0,'2030-04-19 06:50:00',0,'2030-04-19 06:50:00');
INSERT INTO `user_auth_map` (`staff_id`, `action_id`, `feature_id`, `action_name`, `status`, `add_by`, `add_on`, `edit_by`, `edit_on`) VALUES (31,65,13,'f_goal-a_update-ge',1,0,'2030-04-19 06:50:00',0,'2030-04-19 06:50:00');
INSERT INTO `user_auth_map` (`staff_id`, `action_id`, `feature_id`, `action_name`, `status`, `add_by`, `add_on`, `edit_by`, `edit_on`) VALUES (31,89,18,'f_patient-a_addgoal-ge',1,0,'2030-04-19 06:50:00',0,'2030-04-19 06:50:00');
INSERT INTO `user_auth_map` (`staff_id`, `action_id`, `feature_id`, `action_name`, `status`, `add_by`, `add_on`, `edit_by`, `edit_on`) VALUES (31,90,18,'f_patient-a_angpatinfo-ge',1,0,'2030-04-19 06:50:00',0,'2030-04-19 06:50:00');
INSERT INTO `user_auth_map` (`staff_id`, `action_id`, `feature_id`, `action_name`, `status`, `add_by`, `add_on`, `edit_by`, `edit_on`) VALUES (31,91,18,'f_patient-a_create-po',1,0,'2030-04-19 06:50:00',0,'2030-04-19 06:50:00');
INSERT INTO `user_auth_map` (`staff_id`, `action_id`, `feature_id`, `action_name`, `status`, `add_by`, `add_on`, `edit_by`, `edit_on`) VALUES (31,92,18,'f_patient-a_edit-ge',1,0,'2030-04-19 06:50:00',0,'2030-04-19 06:50:00');
INSERT INTO `user_auth_map` (`staff_id`, `action_id`, `feature_id`, `action_name`, `status`, `add_by`, `add_on`, `edit_by`, `edit_on`) VALUES (31,93,18,'f_patient-a_gettprocsofpat-ge',1,0,'2030-04-19 06:50:00',0,'2030-04-19 06:50:00');
INSERT INTO `user_auth_map` (`staff_id`, `action_id`, `feature_id`, `action_name`, `status`, `add_by`, `add_on`, `edit_by`, `edit_on`) VALUES (31,94,18,'f_patient-a_new-po',1,0,'2030-04-19 06:50:00',0,'2030-04-19 06:50:00');
INSERT INTO `user_auth_map` (`staff_id`, `action_id`, `feature_id`, `action_name`, `status`, `add_by`, `add_on`, `edit_by`, `edit_on`) VALUES (31,95,18,'f_patient-a_patcarrierdet-ge',1,0,'2030-04-19 06:50:00',0,'2030-04-19 06:50:00');
INSERT INTO `user_auth_map` (`staff_id`, `action_id`, `feature_id`, `action_name`, `status`, `add_by`, `add_on`, `edit_by`, `edit_on`) VALUES (31,96,18,'f_patient-a_patcarriersummary-ge',1,0,'2030-04-19 06:50:00',0,'2030-04-19 06:50:00');
INSERT INTO `user_auth_map` (`staff_id`, `action_id`, `feature_id`, `action_name`, `status`, `add_by`, `add_on`, `edit_by`, `edit_on`) VALUES (31,97,18,'f_patient-a_patcommlog-ge',1,0,'2030-04-19 06:50:00',0,'2030-04-19 06:50:00');
INSERT INTO `user_auth_map` (`staff_id`, `action_id`, `feature_id`, `action_name`, `status`, `add_by`, `add_on`, `edit_by`, `edit_on`) VALUES (31,98,18,'f_patient-a_patdet-ge',1,0,'2030-04-19 06:50:00',0,'2030-04-19 06:50:00');
INSERT INTO `user_auth_map` (`staff_id`, `action_id`, `feature_id`, `action_name`, `status`, `add_by`, `add_on`, `edit_by`, `edit_on`) VALUES (31,99,18,'f_patient-a_patexam-ge',1,0,'2030-04-19 06:50:00',0,'2030-04-19 06:50:00');
INSERT INTO `user_auth_map` (`staff_id`, `action_id`, `feature_id`, `action_name`, `status`, `add_by`, `add_on`, `edit_by`, `edit_on`) VALUES (31,141,23,'f_quote-a_create-po',1,0,'2030-04-19 06:50:00',0,'2030-04-19 06:50:00');
INSERT INTO `user_auth_map` (`staff_id`, `action_id`, `feature_id`, `action_name`, `status`, `add_by`, `add_on`, `edit_by`, `edit_on`) VALUES (31,142,23,'f_quote-a_createquotes-po',1,0,'2030-04-19 06:50:00',0,'2030-04-19 06:50:00');
INSERT INTO `user_auth_map` (`staff_id`, `action_id`, `feature_id`, `action_name`, `status`, `add_by`, `add_on`, `edit_by`, `edit_on`) VALUES (31,143,23,'f_quote-a_downloadpdf-po',1,0,'2030-04-19 06:50:00',0,'2030-04-19 06:50:00');
INSERT INTO `user_auth_map` (`staff_id`, `action_id`, `feature_id`, `action_name`, `status`, `add_by`, `add_on`, `edit_by`, `edit_on`) VALUES (31,144,23,'f_quote-a_edit-ge',1,0,'2030-04-19 06:50:00',0,'2030-04-19 06:50:00');
INSERT INTO `user_auth_map` (`staff_id`, `action_id`, `feature_id`, `action_name`, `status`, `add_by`, `add_on`, `edit_by`, `edit_on`) VALUES (31,145,23,'f_quote-a_index-ge',1,0,'2030-04-19 06:50:00',0,'2030-04-19 06:50:00');
INSERT INTO `user_auth_map` (`staff_id`, `action_id`, `feature_id`, `action_name`, `status`, `add_by`, `add_on`, `edit_by`, `edit_on`) VALUES (31,146,23,'f_quote-a_printqt-ge',1,0,'2030-04-19 06:50:00',0,'2030-04-19 06:50:00');
INSERT INTO `user_auth_map` (`staff_id`, `action_id`, `feature_id`, `action_name`, `status`, `add_by`, `add_on`, `edit_by`, `edit_on`) VALUES (31,147,23,'f_quote-a_quoteopts-ge',1,0,'2030-04-19 06:50:00',0,'2030-04-19 06:50:00');
INSERT INTO `user_auth_map` (`staff_id`, `action_id`, `feature_id`, `action_name`, `status`, `add_by`, `add_on`, `edit_by`, `edit_on`) VALUES (31,148,23,'f_quote-a_removedetails-ge',1,0,'2030-04-19 06:50:00',0,'2030-04-19 06:50:00');
INSERT INTO `user_auth_map` (`staff_id`, `action_id`, `feature_id`, `action_name`, `status`, `add_by`, `add_on`, `edit_by`, `edit_on`) VALUES (31,149,23,'f_quote-a_reorder-ge',1,0,'2030-04-19 06:50:00',0,'2030-04-19 06:50:00');
INSERT INTO `user_auth_map` (`staff_id`, `action_id`, `feature_id`, `action_name`, `status`, `add_by`, `add_on`, `edit_by`, `edit_on`) VALUES (31,150,23,'f_quote-a_update-po',1,0,'2030-04-19 06:50:00',0,'2030-04-19 06:50:00');
INSERT INTO `user_auth_map` (`staff_id`, `action_id`, `feature_id`, `action_name`, `status`, `add_by`, `add_on`, `edit_by`, `edit_on`) VALUES (31,151,24,'f_reports-a_agingar-ge',1,0,'2030-04-19 06:50:00',0,'2030-04-19 06:50:00');
INSERT INTO `user_auth_map` (`staff_id`, `action_id`, `feature_id`, `action_name`, `status`, `add_by`, `add_on`, `edit_by`, `edit_on`) VALUES (31,152,24,'f_reports-a_agingreport-ge',1,0,'2030-04-19 06:50:00',0,'2030-04-19 06:50:00');
INSERT INTO `user_auth_map` (`staff_id`, `action_id`, `feature_id`, `action_name`, `status`, `add_by`, `add_on`, `edit_by`, `edit_on`) VALUES (31,153,24,'f_reports-a_allprocs-ge',1,0,'2030-04-19 06:50:00',0,'2030-04-19 06:50:00');
INSERT INTO `user_auth_map` (`staff_id`, `action_id`, `feature_id`, `action_name`, `status`, `add_by`, `add_on`, `edit_by`, `edit_on`) VALUES (31,154,24,'f_reports-a_aptdetail-ge',1,0,'2030-04-19 06:50:00',0,'2030-04-19 06:50:00');
INSERT INTO `user_auth_map` (`staff_id`, `action_id`, `feature_id`, `action_name`, `status`, `add_by`, `add_on`, `edit_by`, `edit_on`) VALUES (31,155,24,'f_reports-a_aptlistsummary-ge',1,0,'2030-04-19 06:50:00',0,'2030-04-19 06:50:00');
INSERT INTO `user_auth_map` (`staff_id`, `action_id`, `feature_id`, `action_name`, `status`, `add_by`, `add_on`, `edit_by`, `edit_on`) VALUES (31,156,24,'f_reports-a_aptlistsummarya-ge',1,0,'2030-04-19 06:50:00',0,'2030-04-19 06:50:00');
INSERT INTO `user_auth_map` (`staff_id`, `action_id`, `feature_id`, `action_name`, `status`, `add_by`, `add_on`, `edit_by`, `edit_on`) VALUES (32,60,13,'f_goal-a_create-ge',1,0,'2030-04-19 06:50:00',0,'2030-04-19 06:50:00');
INSERT INTO `user_auth_map` (`staff_id`, `action_id`, `feature_id`, `action_name`, `status`, `add_by`, `add_on`, `edit_by`, `edit_on`) VALUES (32,61,13,'f_goal-a_edit-ge',1,0,'2030-04-19 06:50:00',0,'2030-04-19 06:50:00');
INSERT INTO `user_auth_map` (`staff_id`, `action_id`, `feature_id`, `action_name`, `status`, `add_by`, `add_on`, `edit_by`, `edit_on`) VALUES (32,62,13,'f_goal-a_index-ge',1,0,'2030-04-19 06:50:00',0,'2030-04-19 06:50:00');
INSERT INTO `user_auth_map` (`staff_id`, `action_id`, `feature_id`, `action_name`, `status`, `add_by`, `add_on`, `edit_by`, `edit_on`) VALUES (32,63,13,'f_goal-a_new-ge',1,0,'2030-04-19 06:50:00',0,'2030-04-19 06:50:00');
INSERT INTO `user_auth_map` (`staff_id`, `action_id`, `feature_id`, `action_name`, `status`, `add_by`, `add_on`, `edit_by`, `edit_on`) VALUES (32,64,13,'f_goal-a_patgoalcount-ge',1,0,'2030-04-19 06:50:00',0,'2030-04-19 06:50:00');
INSERT INTO `user_auth_map` (`staff_id`, `action_id`, `feature_id`, `action_name`, `status`, `add_by`, `add_on`, `edit_by`, `edit_on`) VALUES (32,65,13,'f_goal-a_update-ge',1,0,'2030-04-19 06:50:00',0,'2030-04-19 06:50:00');
INSERT INTO `user_auth_map` (`staff_id`, `action_id`, `feature_id`, `action_name`, `status`, `add_by`, `add_on`, `edit_by`, `edit_on`) VALUES (32,193,27,'f_sheetmaster-a_new-ge',1,0,'2030-04-19 06:50:00',0,'2030-04-19 06:50:00');
INSERT INTO `user_auth_map` (`staff_id`, `action_id`, `feature_id`, `action_name`, `status`, `add_by`, `add_on`, `edit_by`, `edit_on`) VALUES (32,194,27,'f_sheetmaster-a_remove-ge',1,0,'2030-04-19 06:50:00',0,'2030-04-19 06:50:00');
INSERT INTO `user_auth_map` (`staff_id`, `action_id`, `feature_id`, `action_name`, `status`, `add_by`, `add_on`, `edit_by`, `edit_on`) VALUES (32,195,27,'f_sheetmaster-a_update-ge',1,0,'2030-04-19 06:50:00',0,'2030-04-19 06:50:00');
INSERT INTO `user_auth_map` (`staff_id`, `action_id`, `feature_id`, `action_name`, `status`, `add_by`, `add_on`, `edit_by`, `edit_on`) VALUES (32,196,28,'f_staffs-a_cpwd-po',1,0,'2030-04-19 06:50:00',0,'2030-04-19 06:50:00');
INSERT INTO `user_auth_map` (`staff_id`, `action_id`, `feature_id`, `action_name`, `status`, `add_by`, `add_on`, `edit_by`, `edit_on`) VALUES (32,197,28,'f_staffs-a_edit-ge',1,0,'2030-04-19 06:50:00',0,'2030-04-19 06:50:00');
INSERT INTO `user_auth_map` (`staff_id`, `action_id`, `feature_id`, `action_name`, `status`, `add_by`, `add_on`, `edit_by`, `edit_on`) VALUES (32,198,28,'f_staffs-a_ep-ge',1,0,'2030-04-19 06:50:00',0,'2030-04-19 06:50:00');
INSERT INTO `user_auth_map` (`staff_id`, `action_id`, `feature_id`, `action_name`, `status`, `add_by`, `add_on`, `edit_by`, `edit_on`) VALUES (32,199,28,'f_staffs-a_index-ge',1,0,'2030-04-19 06:50:00',0,'2030-04-19 06:50:00');
INSERT INTO `user_auth_map` (`staff_id`, `action_id`, `feature_id`, `action_name`, `status`, `add_by`, `add_on`, `edit_by`, `edit_on`) VALUES (32,200,28,'f_staffs-a_new-ge',1,0,'2030-04-19 06:50:00',0,'2030-04-19 06:50:00');
INSERT INTO `user_auth_map` (`staff_id`, `action_id`, `feature_id`, `action_name`, `status`, `add_by`, `add_on`, `edit_by`, `edit_on`) VALUES (32,201,28,'f_staffs-a_rp-po',1,0,'2030-04-19 06:50:00',0,'2030-04-19 06:50:00');
INSERT INTO `user_auth_map` (`staff_id`, `action_id`, `feature_id`, `action_name`, `status`, `add_by`, `add_on`, `edit_by`, `edit_on`) VALUES (32,202,28,'f_staffs-a_show-ge',1,0,'2030-04-19 06:50:00',0,'2030-04-19 06:50:00');
INSERT INTO `user_auth_map` (`staff_id`, `action_id`, `feature_id`, `action_name`, `status`, `add_by`, `add_on`, `edit_by`, `edit_on`) VALUES (32,203,29,'f_subscriber-a_adddep-po',1,0,'2030-04-19 06:50:00',0,'2030-04-19 06:50:00');
INSERT INTO `user_auth_map` (`staff_id`, `action_id`, `feature_id`, `action_name`, `status`, `add_by`, `add_on`, `edit_by`, `edit_on`) VALUES (32,204,29,'f_subscriber-a_cp-po',1,0,'2030-04-19 06:50:00',0,'2030-04-19 06:50:00');
INSERT INTO `user_auth_map` (`staff_id`, `action_id`, `feature_id`, `action_name`, `status`, `add_by`, `add_on`, `edit_by`, `edit_on`) VALUES (32,205,29,'f_subscriber-a_create-po',1,0,'2030-04-19 06:50:00',0,'2030-04-19 06:50:00');
INSERT INTO `user_auth_map` (`staff_id`, `action_id`, `feature_id`, `action_name`, `status`, `add_by`, `add_on`, `edit_by`, `edit_on`) VALUES (32,206,29,'f_subscriber-a_index-ge',1,0,'2030-04-19 06:50:00',0,'2030-04-19 06:50:00');
INSERT INTO `user_auth_map` (`staff_id`, `action_id`, `feature_id`, `action_name`, `status`, `add_by`, `add_on`, `edit_by`, `edit_on`) VALUES (32,207,29,'f_subscriber-a_new-po',1,0,'2030-04-19 06:50:00',0,'2030-04-19 06:50:00');
INSERT INTO `user_auth_map` (`staff_id`, `action_id`, `feature_id`, `action_name`, `status`, `add_by`, `add_on`, `edit_by`, `edit_on`) VALUES (32,208,30,'f_task-a_create-ge',1,0,'2030-04-19 06:50:00',0,'2030-04-19 06:50:00');
INSERT INTO `user_auth_map` (`staff_id`, `action_id`, `feature_id`, `action_name`, `status`, `add_by`, `add_on`, `edit_by`, `edit_on`) VALUES (32,209,30,'f_task-a_createtask-ge',1,0,'2030-04-19 06:50:00',0,'2030-04-19 06:50:00');
INSERT INTO `user_auth_map` (`staff_id`, `action_id`, `feature_id`, `action_name`, `status`, `add_by`, `add_on`, `edit_by`, `edit_on`) VALUES (32,210,30,'f_task-a_edit-ge',1,0,'2030-04-19 06:50:00',0,'2030-04-19 06:50:00');
INSERT INTO `user_auth_map` (`staff_id`, `action_id`, `feature_id`, `action_name`, `status`, `add_by`, `add_on`, `edit_by`, `edit_on`) VALUES (32,211,30,'f_task-a_getgoalactivities-ge',1,0,'2030-04-19 06:50:00',0,'2030-04-19 06:50:00');
INSERT INTO `user_auth_map` (`staff_id`, `action_id`, `feature_id`, `action_name`, `status`, `add_by`, `add_on`, `edit_by`, `edit_on`) VALUES (32,212,30,'f_task-a_index-ge',1,0,'2030-04-19 06:50:00',0,'2030-04-19 06:50:00');
INSERT INTO `user_auth_map` (`staff_id`, `action_id`, `feature_id`, `action_name`, `status`, `add_by`, `add_on`, `edit_by`, `edit_on`) VALUES (32,213,30,'f_task-a_new-ge',1,0,'2030-04-19 06:50:00',0,'2030-04-19 06:50:00');
INSERT INTO `user_auth_map` (`staff_id`, `action_id`, `feature_id`, `action_name`, `status`, `add_by`, `add_on`, `edit_by`, `edit_on`) VALUES (32,214,30,'f_task-a_pattasks-ge',1,0,'2030-04-19 06:50:00',0,'2030-04-19 06:50:00');
INSERT INTO `user_auth_map` (`staff_id`, `action_id`, `feature_id`, `action_name`, `status`, `add_by`, `add_on`, `edit_by`, `edit_on`) VALUES (32,215,30,'f_task-a_setcomplete-ge',1,0,'2030-04-19 06:50:00',0,'2030-04-19 06:50:00');
INSERT INTO `user_auth_map` (`staff_id`, `action_id`, `feature_id`, `action_name`, `status`, `add_by`, `add_on`, `edit_by`, `edit_on`) VALUES (32,216,30,'f_task-a_update-po',1,0,'2030-04-19 06:50:00',0,'2030-04-19 06:50:00');
INSERT INTO `user_auth_map` (`staff_id`, `action_id`, `feature_id`, `action_name`, `status`, `add_by`, `add_on`, `edit_by`, `edit_on`) VALUES (32,217,30,'f_task-a_updstats-ge',1,0,'2030-04-19 06:50:00',0,'2030-04-19 06:50:00');
INSERT INTO `user_auth_map` (`staff_id`, `action_id`, `feature_id`, `action_name`, `status`, `add_by`, `add_on`, `edit_by`, `edit_on`) VALUES (32,218,31,'f_tplan-a_new-ge',1,0,'2030-04-19 06:50:00',0,'2030-04-19 06:50:00');
INSERT INTO `user_auth_map` (`staff_id`, `action_id`, `feature_id`, `action_name`, `status`, `add_by`, `add_on`, `edit_by`, `edit_on`) VALUES (32,219,32,'f_tproc-a_addfromopts-po',1,0,'2030-04-19 06:50:00',0,'2030-04-19 06:50:00');
INSERT INTO `user_auth_map` (`staff_id`, `action_id`, `feature_id`, `action_name`, `status`, `add_by`, `add_on`, `edit_by`, `edit_on`) VALUES (32,220,32,'f_tproc-a_addprocs-ge',1,0,'2030-04-19 06:50:00',0,'2030-04-19 06:50:00');
INSERT INTO `user_auth_map` (`staff_id`, `action_id`, `feature_id`, `action_name`, `status`, `add_by`, `add_on`, `edit_by`, `edit_on`) VALUES (32,221,32,'f_tproc-a_baltprocs-ge',1,0,'2030-04-19 06:50:00',0,'2030-04-19 06:50:00');
INSERT INTO `user_auth_map` (`staff_id`, `action_id`, `feature_id`, `action_name`, `status`, `add_by`, `add_on`, `edit_by`, `edit_on`) VALUES (32,222,32,'f_tproc-a_chgproc-ge',1,0,'2030-04-19 06:50:00',0,'2030-04-19 06:50:00');
INSERT INTO `user_auth_map` (`staff_id`, `action_id`, `feature_id`, `action_name`, `status`, `add_by`, `add_on`, `edit_by`, `edit_on`) VALUES (32,223,32,'f_tproc-a_deltx-ge',1,0,'2030-04-19 06:50:00',0,'2030-04-19 06:50:00');
INSERT INTO `user_auth_map` (`staff_id`, `action_id`, `feature_id`, `action_name`, `status`, `add_by`, `add_on`, `edit_by`, `edit_on`) VALUES (32,224,32,'f_tproc-a_getesheettotals-ge',1,0,'2030-04-19 06:50:00',0,'2030-04-19 06:50:00');
INSERT INTO `user_auth_map` (`staff_id`, `action_id`, `feature_id`, `action_name`, `status`, `add_by`, `add_on`, `edit_by`, `edit_on`) VALUES (32,225,32,'f_tproc-a_getprocsoftx-ge',1,0,'2030-04-19 06:50:00',0,'2030-04-19 06:50:00');
INSERT INTO `user_auth_map` (`staff_id`, `action_id`, `feature_id`, `action_name`, `status`, `add_by`, `add_on`, `edit_by`, `edit_on`) VALUES (33,4,3,'f_appointment-a_create-ge',1,0,'2030-04-19 06:50:00',0,'2030-04-19 06:50:00');
INSERT INTO `user_auth_map` (`staff_id`, `action_id`, `feature_id`, `action_name`, `status`, `add_by`, `add_on`, `edit_by`, `edit_on`) VALUES (33,8,3,'f_appointment-a_getpatschedappts-ge',1,0,'2030-04-19 06:50:00',0,'2030-04-19 06:50:00');
INSERT INTO `user_auth_map` (`staff_id`, `action_id`, `feature_id`, `action_name`, `status`, `add_by`, `add_on`, `edit_by`, `edit_on`) VALUES (33,15,3,'f_appointment-a_updtmln-ge',1,0,'2030-04-19 06:50:00',0,'2030-04-19 06:50:00');
INSERT INTO `user_auth_map` (`staff_id`, `action_id`, `feature_id`, `action_name`, `status`, `add_by`, `add_on`, `edit_by`, `edit_on`) VALUES (33,19,5,'f_carrier-a_create-po',1,0,'2030-04-19 06:50:00',0,'2030-04-19 06:50:00');
INSERT INTO `user_auth_map` (`staff_id`, `action_id`, `feature_id`, `action_name`, `status`, `add_by`, `add_on`, `edit_by`, `edit_on`) VALUES (33,20,5,'f_carrier-a_edit-ge',1,0,'2030-04-19 06:50:00',0,'2030-04-19 06:50:00');
INSERT INTO `user_auth_map` (`staff_id`, `action_id`, `feature_id`, `action_name`, `status`, `add_by`, `add_on`, `edit_by`, `edit_on`) VALUES (33,26,6,'f_ccare-a_index-ge',1,0,'2030-04-19 06:50:00',0,'2030-04-19 06:50:00');
INSERT INTO `user_auth_map` (`staff_id`, `action_id`, `feature_id`, `action_name`, `status`, `add_by`, `add_on`, `edit_by`, `edit_on`) VALUES (33,27,6,'f_ccare-a_new-ge',1,0,'2030-04-19 06:50:00',0,'2030-04-19 06:50:00');
INSERT INTO `user_auth_map` (`staff_id`, `action_id`, `feature_id`, `action_name`, `status`, `add_by`, `add_on`, `edit_by`, `edit_on`) VALUES (33,28,6,'f_ccare-a_patccare-ge',1,0,'2030-04-19 06:50:00',0,'2030-04-19 06:50:00');
INSERT INTO `user_auth_map` (`staff_id`, `action_id`, `feature_id`, `action_name`, `status`, `add_by`, `add_on`, `edit_by`, `edit_on`) VALUES (33,37,9,'f_commlogs-a_edit-ge',1,0,'2030-04-19 06:50:00',0,'2030-04-19 06:50:00');
INSERT INTO `user_auth_map` (`staff_id`, `action_id`, `feature_id`, `action_name`, `status`, `add_by`, `add_on`, `edit_by`, `edit_on`) VALUES (33,39,9,'f_commlogs-a_new-ge',1,0,'2030-04-19 06:50:00',0,'2030-04-19 06:50:00');
INSERT INTO `user_auth_map` (`staff_id`, `action_id`, `feature_id`, `action_name`, `status`, `add_by`, `add_on`, `edit_by`, `edit_on`) VALUES (33,50,11,'f_exam-a_update-po',1,0,'2030-04-19 06:50:00',0,'2030-04-19 06:50:00');
INSERT INTO `user_auth_map` (`staff_id`, `action_id`, `feature_id`, `action_name`, `status`, `add_by`, `add_on`, `edit_by`, `edit_on`) VALUES (33,51,12,'f_feesch-a_create-po',1,0,'2030-04-19 06:50:00',0,'2030-04-19 06:50:00');
INSERT INTO `user_auth_map` (`staff_id`, `action_id`, `feature_id`, `action_name`, `status`, `add_by`, `add_on`, `edit_by`, `edit_on`) VALUES (33,52,12,'f_feesch-a_delete-ge',1,0,'2030-04-19 06:50:00',0,'2030-04-19 06:50:00');
INSERT INTO `user_auth_map` (`staff_id`, `action_id`, `feature_id`, `action_name`, `status`, `add_by`, `add_on`, `edit_by`, `edit_on`) VALUES (33,62,13,'f_goal-a_index-ge',1,0,'2030-04-19 06:50:00',0,'2030-04-19 06:50:00');
INSERT INTO `user_auth_map` (`staff_id`, `action_id`, `feature_id`, `action_name`, `status`, `add_by`, `add_on`, `edit_by`, `edit_on`) VALUES (33,63,13,'f_goal-a_new-ge',1,0,'2030-04-19 06:50:00',0,'2030-04-19 06:50:00');
INSERT INTO `user_auth_map` (`staff_id`, `action_id`, `feature_id`, `action_name`, `status`, `add_by`, `add_on`, `edit_by`, `edit_on`) VALUES (33,68,14,'f_insplan-a_bensum-ge',1,0,'2030-04-19 06:50:00',0,'2030-04-19 06:50:00');
INSERT INTO `user_auth_map` (`staff_id`, `action_id`, `feature_id`, `action_name`, `status`, `add_by`, `add_on`, `edit_by`, `edit_on`) VALUES (33,75,14,'f_insplan-a_updbensum-po',1,0,'2030-04-19 06:50:00',0,'2030-04-19 06:50:00');
INSERT INTO `user_auth_map` (`staff_id`, `action_id`, `feature_id`, `action_name`, `status`, `add_by`, `add_on`, `edit_by`, `edit_on`) VALUES (33,76,14,'f_insplan-a_updbenval-po',1,0,'2030-04-19 06:50:00',0,'2030-04-19 06:50:00');
INSERT INTO `user_auth_map` (`staff_id`, `action_id`, `feature_id`, `action_name`, `status`, `add_by`, `add_on`, `edit_by`, `edit_on`) VALUES (33,83,15,'f_invoices-a_new-ge',1,0,'2030-04-19 06:50:00',0,'2030-04-19 06:50:00');
INSERT INTO `user_auth_map` (`staff_id`, `action_id`, `feature_id`, `action_name`, `status`, `add_by`, `add_on`, `edit_by`, `edit_on`) VALUES (33,84,15,'f_invoices-a_patinvs-ge',1,0,'2030-04-19 06:50:00',0,'2030-04-19 06:50:00');
INSERT INTO `user_auth_map` (`staff_id`, `action_id`, `feature_id`, `action_name`, `status`, `add_by`, `add_on`, `edit_by`, `edit_on`) VALUES (33,92,18,'f_patient-a_edit-ge',1,0,'2030-04-19 06:50:00',0,'2030-04-19 06:50:00');
INSERT INTO `user_auth_map` (`staff_id`, `action_id`, `feature_id`, `action_name`, `status`, `add_by`, `add_on`, `edit_by`, `edit_on`) VALUES (33,94,18,'f_patient-a_new-po',1,0,'2030-04-19 06:50:00',0,'2030-04-19 06:50:00');
INSERT INTO `user_auth_map` (`staff_id`, `action_id`, `feature_id`, `action_name`, `status`, `add_by`, `add_on`, `edit_by`, `edit_on`) VALUES (33,104,18,'f_patient-a_recarelist-ge',1,0,'2030-04-19 06:50:00',0,'2030-04-19 06:50:00');
INSERT INTO `user_auth_map` (`staff_id`, `action_id`, `feature_id`, `action_name`, `status`, `add_by`, `add_on`, `edit_by`, `edit_on`) VALUES (33,105,18,'f_patient-a_update-po',1,0,'2030-04-19 06:50:00',0,'2030-04-19 06:50:00');
INSERT INTO `user_auth_map` (`staff_id`, `action_id`, `feature_id`, `action_name`, `status`, `add_by`, `add_on`, `edit_by`, `edit_on`) VALUES (33,107,18,'f_patient-a_updpatar-ge',1,0,'2030-04-19 06:50:00',0,'2030-04-19 06:50:00');
INSERT INTO `user_auth_map` (`staff_id`, `action_id`, `feature_id`, `action_name`, `status`, `add_by`, `add_on`, `edit_by`, `edit_on`) VALUES (33,121,20,'f_pattooth-a_markmissing-po',1,0,'2030-04-19 06:50:00',0,'2030-04-19 06:50:00');
INSERT INTO `user_auth_map` (`staff_id`, `action_id`, `feature_id`, `action_name`, `status`, `add_by`, `add_on`, `edit_by`, `edit_on`) VALUES (33,145,23,'f_quote-a_index-ge',1,0,'2030-04-19 06:50:00',0,'2030-04-19 06:50:00');
INSERT INTO `user_auth_map` (`staff_id`, `action_id`, `feature_id`, `action_name`, `status`, `add_by`, `add_on`, `edit_by`, `edit_on`) VALUES (33,146,23,'f_quote-a_printqt-ge',1,0,'2030-04-19 06:50:00',0,'2030-04-19 06:50:00');
INSERT INTO `user_auth_map` (`staff_id`, `action_id`, `feature_id`, `action_name`, `status`, `add_by`, `add_on`, `edit_by`, `edit_on`) VALUES (33,148,23,'f_quote-a_removedetails-ge',1,0,'2030-04-19 06:50:00',0,'2030-04-19 06:50:00');
INSERT INTO `user_auth_map` (`staff_id`, `action_id`, `feature_id`, `action_name`, `status`, `add_by`, `add_on`, `edit_by`, `edit_on`) VALUES (33,164,24,'f_reports-a_completedprocedures-ge',1,0,'2030-04-19 06:50:00',0,'2030-04-19 06:50:00');
INSERT INTO `user_auth_map` (`staff_id`, `action_id`, `feature_id`, `action_name`, `status`, `add_by`, `add_on`, `edit_by`, `edit_on`) VALUES (33,167,24,'f_reports-a_index-ge',1,0,'2030-04-19 06:50:00',0,'2030-04-19 06:50:00');
INSERT INTO `user_auth_map` (`staff_id`, `action_id`, `feature_id`, `action_name`, `status`, `add_by`, `add_on`, `edit_by`, `edit_on`) VALUES (33,171,24,'f_reports-a_onlyrecallpatients-ge',1,0,'2030-04-19 06:50:00',0,'2030-04-19 06:50:00');
INSERT INTO `user_auth_map` (`staff_id`, `action_id`, `feature_id`, `action_name`, `status`, `add_by`, `add_on`, `edit_by`, `edit_on`) VALUES (33,172,24,'f_reports-a_patinfo-ge',1,0,'2030-04-19 06:50:00',0,'2030-04-19 06:50:00');
INSERT INTO `user_auth_map` (`staff_id`, `action_id`, `feature_id`, `action_name`, `status`, `add_by`, `add_on`, `edit_by`, `edit_on`) VALUES (33,186,25,'f_session-a_new-ge',1,0,'2030-04-19 06:50:00',0,'2030-04-19 06:50:00');
INSERT INTO `user_auth_map` (`staff_id`, `action_id`, `feature_id`, `action_name`, `status`, `add_by`, `add_on`, `edit_by`, `edit_on`) VALUES (33,187,26,'f_sessions-a_destroy-de',1,0,'2030-04-19 06:50:00',0,'2030-04-19 06:50:00');
INSERT INTO `user_auth_map` (`staff_id`, `action_id`, `feature_id`, `action_name`, `status`, `add_by`, `add_on`, `edit_by`, `edit_on`) VALUES (33,209,30,'f_task-a_createtask-ge',1,0,'2030-04-19 06:50:00',0,'2030-04-19 06:50:00');
INSERT INTO `user_auth_map` (`staff_id`, `action_id`, `feature_id`, `action_name`, `status`, `add_by`, `add_on`, `edit_by`, `edit_on`) VALUES (33,232,32,'f_tproc-a_unschtprocs-po',1,0,'2030-04-19 06:50:00',0,'2030-04-19 06:50:00');
INSERT INTO `user_auth_map` (`staff_id`, `action_id`, `feature_id`, `action_name`, `status`, `add_by`, `add_on`, `edit_by`, `edit_on`) VALUES (33,237,34,'f_userauts-a_new-ge',1,0,'2030-04-19 06:50:00',0,'2030-04-19 06:50:00');
INSERT INTO `user_auth_map` (`staff_id`, `action_id`, `feature_id`, `action_name`, `status`, `add_by`, `add_on`, `edit_by`, `edit_on`) VALUES (33,238,34,'f_userauts-a_show-ge',1,0,'2030-04-19 06:50:00',0,'2030-04-19 06:50:00');
INSERT INTO `user_auth_map` (`staff_id`, `action_id`, `feature_id`, `action_name`, `status`, `add_by`, `add_on`, `edit_by`, `edit_on`) VALUES (34,184,25,'f_session-a_create-po',1,0,'2030-04-19 06:50:00',0,'2030-04-19 06:50:00');
INSERT INTO `user_auth_map` (`staff_id`, `action_id`, `feature_id`, `action_name`, `status`, `add_by`, `add_on`, `edit_by`, `edit_on`) VALUES (34,185,25,'f_session-a_logout-ge',1,0,'2030-04-19 06:50:00',0,'2030-04-19 06:50:00');
INSERT INTO `user_auth_map` (`staff_id`, `action_id`, `feature_id`, `action_name`, `status`, `add_by`, `add_on`, `edit_by`, `edit_on`) VALUES (34,186,25,'f_session-a_new-ge',1,0,'2030-04-19 06:50:00',0,'2030-04-19 06:50:00');
INSERT INTO `user_auth_map` (`staff_id`, `action_id`, `feature_id`, `action_name`, `status`, `add_by`, `add_on`, `edit_by`, `edit_on`) VALUES (34,187,26,'f_sessions-a_destroy-de',1,0,'2030-04-19 06:50:00',0,'2030-04-19 06:50:00');
INSERT INTO `user_auth_map` (`staff_id`, `action_id`, `feature_id`, `action_name`, `status`, `add_by`, `add_on`, `edit_by`, `edit_on`) VALUES (34,188,26,'f_sessions-a_index-ge',1,0,'2030-04-19 06:50:00',0,'2030-04-19 06:50:00');
INSERT INTO `user_auth_map` (`staff_id`, `action_id`, `feature_id`, `action_name`, `status`, `add_by`, `add_on`, `edit_by`, `edit_on`) VALUES (34,189,26,'f_sessions-a_new-ge',1,0,'2030-04-19 06:50:00',0,'2030-04-19 06:50:00');
INSERT INTO `user_auth_map` (`staff_id`, `action_id`, `feature_id`, `action_name`, `status`, `add_by`, `add_on`, `edit_by`, `edit_on`) VALUES (34,190,27,'f_sheetmaster-a_create-ge',1,0,'2030-04-19 06:50:00',0,'2030-04-19 06:50:00');
INSERT INTO `user_auth_map` (`staff_id`, `action_id`, `feature_id`, `action_name`, `status`, `add_by`, `add_on`, `edit_by`, `edit_on`) VALUES (34,191,27,'f_sheetmaster-a_edit-ge',1,0,'2030-04-19 06:50:00',0,'2030-04-19 06:50:00');
INSERT INTO `user_auth_map` (`staff_id`, `action_id`, `feature_id`, `action_name`, `status`, `add_by`, `add_on`, `edit_by`, `edit_on`) VALUES (34,192,27,'f_sheetmaster-a_index-ge',1,0,'2030-04-19 06:50:00',0,'2030-04-19 06:50:00');
INSERT INTO `user_auth_map` (`staff_id`, `action_id`, `feature_id`, `action_name`, `status`, `add_by`, `add_on`, `edit_by`, `edit_on`) VALUES (34,193,27,'f_sheetmaster-a_new-ge',1,0,'2030-04-19 06:50:00',0,'2030-04-19 06:50:00');
INSERT INTO `user_auth_map` (`staff_id`, `action_id`, `feature_id`, `action_name`, `status`, `add_by`, `add_on`, `edit_by`, `edit_on`) VALUES (34,194,27,'f_sheetmaster-a_remove-ge',1,0,'2030-04-19 06:50:00',0,'2030-04-19 06:50:00');
INSERT INTO `user_auth_map` (`staff_id`, `action_id`, `feature_id`, `action_name`, `status`, `add_by`, `add_on`, `edit_by`, `edit_on`) VALUES (34,195,27,'f_sheetmaster-a_update-ge',1,0,'2030-04-19 06:50:00',0,'2030-04-19 06:50:00');
INSERT INTO `user_auth_map` (`staff_id`, `action_id`, `feature_id`, `action_name`, `status`, `add_by`, `add_on`, `edit_by`, `edit_on`) VALUES (34,196,28,'f_staffs-a_cpwd-po',1,0,'2030-04-19 06:50:00',0,'2030-04-19 06:50:00');
INSERT INTO `user_auth_map` (`staff_id`, `action_id`, `feature_id`, `action_name`, `status`, `add_by`, `add_on`, `edit_by`, `edit_on`) VALUES (34,197,28,'f_staffs-a_edit-ge',1,0,'2030-04-19 06:50:00',0,'2030-04-19 06:50:00');
INSERT INTO `user_auth_map` (`staff_id`, `action_id`, `feature_id`, `action_name`, `status`, `add_by`, `add_on`, `edit_by`, `edit_on`) VALUES (34,198,28,'f_staffs-a_ep-ge',1,0,'2030-04-19 06:50:00',0,'2030-04-19 06:50:00');
INSERT INTO `user_auth_map` (`staff_id`, `action_id`, `feature_id`, `action_name`, `status`, `add_by`, `add_on`, `edit_by`, `edit_on`) VALUES (34,199,28,'f_staffs-a_index-ge',1,0,'2030-04-19 06:50:00',0,'2030-04-19 06:50:00');
INSERT INTO `user_auth_map` (`staff_id`, `action_id`, `feature_id`, `action_name`, `status`, `add_by`, `add_on`, `edit_by`, `edit_on`) VALUES (34,200,28,'f_staffs-a_new-ge',1,0,'2030-04-19 06:50:00',0,'2030-04-19 06:50:00');
INSERT INTO `user_auth_map` (`staff_id`, `action_id`, `feature_id`, `action_name`, `status`, `add_by`, `add_on`, `edit_by`, `edit_on`) VALUES (34,201,28,'f_staffs-a_rp-po',1,0,'2030-04-19 06:50:00',0,'2030-04-19 06:50:00');
INSERT INTO `user_auth_map` (`staff_id`, `action_id`, `feature_id`, `action_name`, `status`, `add_by`, `add_on`, `edit_by`, `edit_on`) VALUES (34,202,28,'f_staffs-a_show-ge',1,0,'2030-04-19 06:50:00',0,'2030-04-19 06:50:00');
